timestamp,client_ip,client_port,filename,file_size_bytes,duration_seconds,throughput_bytes_per_second
2025-12-04T17:19:16,127.0.0.1,33930,arquivo.txt,1449,0.000227,6372704.240062
2025-12-04T17:19:16,127.0.0.1,33940,arquivo.txt,1449,0.003857,375712.531428
2025-12-04T17:19:16,127.0.0.1,33944,arquivo.txt,1449,0.000053,27426040.580749
2025-12-04T17:19:16,127.0.0.1,33952,arquivo.txt,1449,0.000043,33692973.119223
2025-12-04T17:19:16,127.0.0.1,33962,arquivo.txt,1449,0.000039,36763586.582863
2025-12-04T17:19:16,127.0.0.1,33964,arquivo.txt,1449,0.000046,31609947.654799
2025-12-04T17:19:16,127.0.0.1,33970,arquivo.txt,1449,0.000044,32599158.648289
2025-12-04T17:19:17,127.0.0.1,33974,arquivo.txt,1449,0.000449,3230279.467748
2025-12-04T17:19:17,127.0.0.1,33976,arquivo.txt,1449,0.003744,386979.643918
2025-12-04T17:19:17,127.0.0.1,33978,arquivo.txt,1449,0.000173,8369046.654661
2025-12-04T17:19:17,127.0.0.1,33994,arquivo.txt,1449,0.000168,8650281.477748
2025-12-04T17:19:17,127.0.0.1,33998,arquivo.txt,1449,0.000131,11043870.622177
2025-12-04T17:19:17,127.0.0.1,34012,arquivo.txt,1449,0.000116,12450592.884458
2025-12-04T17:19:17,127.0.0.1,34014,arquivo.txt,1449,0.000117,12338635.513972
2025-12-04T17:19:17,127.0.0.1,34018,arquivo.txt,1449,0.000112,12880686.975703
2025-12-04T17:19:18,127.0.0.1,34024,arquivo.txt,1449,0.000619,2340766.491705
2025-12-04T17:19:18,127.0.0.1,34034,arquivo.txt,1449,0.000395,3667648.754966
2025-12-04T17:19:18,127.0.0.1,34050,arquivo.txt,1449,0.000245,5904068.061482
2025-12-04T17:19:18,127.0.0.1,34064,arquivo.txt,1449,0.000218,6642157.764955
2025-12-04T17:19:18,127.0.0.1,34080,arquivo.txt,1449,0.000179,8089413.421970
2025-12-04T17:19:18,127.0.0.1,34092,arquivo.txt,1449,0.000209,6945010.281145
2025-12-04T17:19:18,127.0.0.1,34102,arquivo.txt,1449,0.000187,7763983.479329
2025-12-04T17:19:18,127.0.0.1,34104,arquivo.txt,1449,0.000161,9022921.586783
2025-12-04T17:19:19,127.0.0.1,34114,arquivo.txt,1449,0.000704,2058826.455024
2025-12-04T17:19:19,127.0.0.1,34116,arquivo.txt,1449,0.003309,437854.302368
2025-12-04T17:19:19,127.0.0.1,34124,arquivo.txt,1449,0.000371,3909939.178091
2025-12-04T17:19:19,127.0.0.1,34128,arquivo.txt,1449,0.000308,4697255.556729
2025-12-04T17:19:19,127.0.0.1,34136,arquivo.txt,1449,0.000576,2514328.549550
2025-12-04T17:19:19,127.0.0.1,34150,arquivo.txt,1449,0.000361,4011850.046766
2025-12-04T17:19:19,127.0.0.1,34154,arquivo.txt,1449,0.000241,6006615.983159
2025-12-04T17:19:19,127.0.0.1,34166,arquivo.txt,1449,0.000203,7147190.691500
2025-12-04T17:19:20,127.0.0.1,34176,arquivo.txt,1449,0.000785,1846045.653292
2025-12-04T17:19:20,127.0.0.1,34190,arquivo.txt,1449,0.000441,3287376.609983
2025-12-04T17:19:20,127.0.0.1,34198,arquivo.txt,1449,0.000312,4639606.033491
2025-12-04T17:19:20,127.0.0.1,34208,arquivo.txt,1449,0.000260,5562764.415147
2025-12-04T17:19:20,127.0.0.1,34210,arquivo.txt,1449,0.000264,5483505.959487
2025-12-04T17:19:20,127.0.0.1,34226,arquivo.txt,1449,0.000187,7758869.958543
2025-12-04T17:19:20,127.0.0.1,34238,arquivo.txt,1449,0.000178,8146307.457288
2025-12-04T17:19:20,127.0.0.1,34252,arquivo.txt,1449,0.000173,8376255.136612
2025-12-04T17:19:20,127.0.0.1,34262,arquivo.txt,1449,0.000231,6286306.783025
2025-12-04T17:19:20,127.0.0.1,34270,arquivo.txt,1449,0.000205,7072501.684729
2025-12-04T17:19:20,127.0.0.1,34282,arquivo.txt,1449,0.000264,5494734.688042
2025-12-04T17:19:20,127.0.0.1,34294,arquivo.txt,1449,0.000223,6489551.330319
2025-12-04T17:19:21,127.0.0.1,34300,arquivo.txt,1449,0.000836,1732285.912058
2025-12-04T17:19:21,127.0.0.1,34304,arquivo.txt,1449,0.000431,3360093.497112
2025-12-04T17:19:21,127.0.0.1,34320,arquivo.txt,1449,0.000270,5359976.624803
2025-12-04T17:19:21,127.0.0.1,34330,arquivo.txt,1449,0.000197,7339161.440221
2025-12-04T17:19:21,127.0.0.1,34334,arquivo.txt,1449,0.000191,7574529.929110
2025-12-04T17:19:21,127.0.0.1,34346,arquivo.txt,1449,0.000402,3607061.773699
2025-12-04T17:19:21,127.0.0.1,34360,arquivo.txt,1449,0.000247,5873459.181983
2025-12-04T17:19:21,127.0.0.1,34374,arquivo.txt,1449,0.000166,8754017.540724
2025-12-04T17:19:21,127.0.0.1,34376,arquivo.txt,1449,0.000137,10539331.573538
2025-12-04T17:19:22,127.0.0.1,34390,arquivo.txt,1449,0.000643,2253888.307693
2025-12-04T17:19:22,127.0.0.1,34400,arquivo.txt,1449,0.003563,406671.888764
2025-12-04T17:19:22,127.0.0.1,34404,arquivo.txt,1449,0.000382,3797468.352715
2025-12-04T17:19:22,127.0.0.1,34416,arquivo.txt,1449,0.000261,5559882.896123
2025-12-04T17:19:22,127.0.0.1,34422,arquivo.txt,1449,0.000216,6721246.840677
2025-12-04T17:19:22,127.0.0.1,34426,arquivo.txt,1449,0.000170,8506216.758611
2025-12-04T17:19:22,127.0.0.1,34442,arquivo.txt,1449,0.000212,6833229.590857
2025-12-04T17:19:22,127.0.0.1,34448,arquivo.txt,1449,0.000174,8321273.517420
2025-12-04T17:19:23,127.0.0.1,34450,arquivo.txt,1449,0.000819,1769626.180249
2025-12-04T17:19:23,127.0.0.1,57004,arquivo.txt,1449,0.003275,442375.615059
2025-12-04T17:19:23,127.0.0.1,57010,arquivo.txt,1449,0.000267,5434497.244556
2025-12-04T17:19:23,127.0.0.1,57012,arquivo.txt,1449,0.000194,7487675.562740
2025-12-04T17:19:23,127.0.0.1,57020,arquivo.txt,1449,0.000153,9472879.054907
2025-12-04T17:19:23,127.0.0.1,57026,arquivo.txt,1449,0.000141,10242309.432566
2025-12-04T17:19:23,127.0.0.1,57036,arquivo.txt,1449,0.000144,10050146.692016
2025-12-04T17:19:23,127.0.0.1,57048,arquivo.txt,1449,0.000128,11310680.758282
2025-12-04T17:19:24,127.0.0.1,57052,arquivo.txt,1449,0.000433,3342660.794831
2025-12-04T17:19:24,127.0.0.1,57060,arquivo.txt,1449,0.003760,385337.291145
2025-12-04T17:19:24,127.0.0.1,57068,arquivo.txt,1449,0.000174,8330315.106283
2025-12-04T17:19:24,127.0.0.1,57082,arquivo.txt,1449,0.000195,7440078.870667
2025-12-04T17:19:24,127.0.0.1,57090,arquivo.txt,1449,0.000162,8957659.753301
2025-12-04T17:19:24,127.0.0.1,57098,arquivo.txt,1449,0.000158,9192062.724460
2025-12-04T17:19:24,127.0.0.1,57114,arquivo.txt,1449,0.000162,8952899.957083
2025-12-04T17:19:24,127.0.0.1,57124,arquivo.txt,1449,0.000155,9336580.844326
2025-12-04T17:19:25,127.0.0.1,57130,arquivo.txt,1449,0.001759,823952.275623
2025-12-04T17:19:25,127.0.0.1,57142,arquivo.txt,1449,0.000545,2656916.693893
2025-12-04T17:19:25,127.0.0.1,57144,arquivo.txt,1449,0.000741,1956328.905990
2025-12-04T17:19:25,127.0.0.1,57148,arquivo.txt,1449,0.000567,2554879.661232
2025-12-04T17:19:25,127.0.0.1,57152,arquivo.txt,1449,0.000231,6271234.125591
2025-12-04T17:19:25,127.0.0.1,57166,arquivo.txt,1449,0.000198,7327433.624703
2025-12-04T17:19:25,127.0.0.1,57176,arquivo.txt,1449,0.000173,8386969.805145
2025-12-04T17:19:26,127.0.0.1,57190,arquivo.txt,1449,0.000711,2039055.870603
2025-12-04T17:19:26,127.0.0.1,57198,arquivo.txt,1449,0.003436,421686.501538
2025-12-04T17:19:26,127.0.0.1,57206,arquivo.txt,1449,0.000370,3912726.485883
2025-12-04T17:19:26,127.0.0.1,57210,arquivo.txt,1449,0.000316,4592287.874106
2025-12-04T17:19:26,127.0.0.1,57214,arquivo.txt,1449,0.000294,4931960.057505
2025-12-04T17:19:26,127.0.0.1,57218,arquivo.txt,1449,0.000474,3054700.000030
2025-12-04T17:19:26,127.0.0.1,57230,arquivo.txt,1449,0.000416,3485829.345682
2025-12-04T17:19:26,127.0.0.1,57236,arquivo.txt,1449,0.000255,5683824.049904
2025-12-04T17:19:27,127.0.0.1,57250,arquivo.txt,1449,0.000722,2008168.492271
2025-12-04T17:19:27,127.0.0.1,57264,arquivo.txt,1449,0.000354,4096738.441503
2025-12-04T17:19:27,127.0.0.1,57276,arquivo.txt,1449,0.000253,5716810.736862
2025-12-04T17:19:27,127.0.0.1,57286,arquivo.txt,1449,0.000194,7454777.441059
2025-12-04T17:19:27,127.0.0.1,57300,arquivo.txt,1449,0.000165,8789275.759068
2025-12-04T17:19:27,127.0.0.1,57308,arquivo.txt,1449,0.000153,9442076.861556
2025-12-04T17:19:27,127.0.0.1,57310,arquivo.txt,1449,0.000147,9855265.670307
2025-12-04T17:19:27,127.0.0.1,57314,arquivo.txt,1449,0.000172,8421627.722640
2025-12-04T17:19:27,127.0.0.1,57328,arquivo.txt,1449,0.000148,9807969.573746
2025-12-04T17:19:27,127.0.0.1,57336,arquivo.txt,1449,0.000158,9162940.995867
2025-12-04T17:19:28,127.0.0.1,57346,arquivo.txt,1449,0.000555,2608977.475076
2025-12-04T17:19:28,127.0.0.1,57358,arquivo.txt,1449,0.003468,417876.460830
2025-12-04T17:19:28,127.0.0.1,57360,arquivo.txt,1449,0.000159,9086120.612628
2025-12-04T17:19:28,127.0.0.1,57368,arquivo.txt,1449,0.000203,7141378.598133
2025-12-04T17:19:28,127.0.0.1,57378,arquivo.txt,1449,0.000161,9004418.324866
2025-12-04T17:19:28,127.0.0.1,57382,arquivo.txt,1449,0.000147,9824195.047488
2025-12-04T17:19:28,127.0.0.1,57388,arquivo.txt,1449,0.000131,11048586.326850
2025-12-04T17:19:28,127.0.0.1,57396,arquivo.txt,1449,0.000126,11465512.467023
2025-12-04T17:19:29,127.0.0.1,57412,arquivo.txt,1449,0.000631,2295801.962603
2025-12-04T17:19:29,127.0.0.1,57422,arquivo.txt,1449,0.003312,437492.866973
2025-12-04T17:19:29,127.0.0.1,57424,arquivo.txt,1449,0.000151,9596407.802804
2025-12-04T17:19:29,127.0.0.1,57426,arquivo.txt,1449,0.000120,12089204.810485
2025-12-04T17:19:29,127.0.0.1,57438,arquivo.txt,1449,0.000119,12201488.754564
2025-12-04T17:19:29,127.0.0.1,57442,arquivo.txt,1449,0.000112,12915704.749134
2025-12-04T17:19:29,127.0.0.1,57458,arquivo.txt,1449,0.000111,13057347.784202
2025-12-04T17:19:29,127.0.0.1,57464,arquivo.txt,1449,0.000114,12739917.529888
2025-12-04T17:19:30,127.0.0.1,57474,arquivo.txt,1449,0.005144,281661.832021
2025-12-04T17:19:30,127.0.0.1,57488,arquivo.txt,1449,0.001267,1143571.494615
2025-12-04T17:19:30,127.0.0.1,57492,arquivo.txt,1449,0.000827,1751256.336340
2025-12-04T17:19:30,127.0.0.1,57496,arquivo.txt,1449,0.000500,2898249.250163
2025-12-04T17:19:30,127.0.0.1,57500,arquivo.txt,1449,0.000283,5121390.018556
2025-12-04T17:19:30,127.0.0.1,57516,arquivo.txt,1449,0.000271,5340576.960775
2025-12-04T17:19:30,127.0.0.1,57526,arquivo.txt,1449,0.000249,5830211.679720
2025-12-04T17:19:31,127.0.0.1,57536,arquivo.txt,1449,0.000580,2497845.199193
2025-12-04T17:19:31,127.0.0.1,57542,arquivo.txt,1449,0.003590,403669.745211
2025-12-04T17:19:31,127.0.0.1,57556,arquivo.txt,1449,0.000203,7145357.982450
2025-12-04T17:19:31,127.0.0.1,57564,arquivo.txt,1449,0.000144,10040605.888421
2025-12-04T17:19:31,127.0.0.1,57574,arquivo.txt,1449,0.000155,9374272.188172
2025-12-04T17:19:31,127.0.0.1,57590,arquivo.txt,1449,0.000155,9325884.634407
2025-12-04T17:19:31,127.0.0.1,57600,arquivo.txt,1449,0.000127,11418529.680736
2025-12-04T17:19:32,127.0.0.1,57606,arquivo.txt,1449,0.000145,9979819.965128
2025-12-04T17:19:33,127.0.0.1,57612,arquivo.txt,1449,0.000843,1719632.290765
2025-12-04T17:19:33,127.0.0.1,53466,arquivo.txt,1449,0.003394,426906.103357
2025-12-04T17:19:33,127.0.0.1,53470,arquivo.txt,1449,0.000446,3251313.764812
2025-12-04T17:19:33,127.0.0.1,53486,arquivo.txt,1449,0.000202,7157004.624815
2025-12-04T17:19:33,127.0.0.1,53494,arquivo.txt,1449,0.000137,10571857.989607
2025-12-04T17:19:33,127.0.0.1,53506,arquivo.txt,1449,0.000130,11121942.245211
2025-12-04T17:19:33,127.0.0.1,53514,arquivo.txt,1449,0.000136,10651279.042175
2025-12-04T17:19:33,127.0.0.1,53526,arquivo.txt,1449,0.000129,11198874.702027
2025-12-04T17:19:34,127.0.0.1,53540,arquivo.txt,1449,0.000619,2339689.300828
2025-12-04T17:19:34,127.0.0.1,53550,arquivo.txt,1449,0.003654,396541.631532
2025-12-04T17:19:34,127.0.0.1,53560,arquivo.txt,1449,0.000276,5255236.192339
2025-12-04T17:19:34,127.0.0.1,53574,arquivo.txt,1449,0.000312,4636903.864603
2025-12-04T17:19:34,127.0.0.1,53578,arquivo.txt,1449,0.000231,6274764.531324
2025-12-04T17:19:34,127.0.0.1,53592,arquivo.txt,1449,0.000194,7469534.194455
2025-12-04T17:19:34,127.0.0.1,53600,arquivo.txt,1449,0.000258,5608301.369433
2025-12-04T17:19:34,127.0.0.1,53608,arquivo.txt,1449,0.000178,8124838.791672
2025-12-04T17:19:35,127.0.0.1,53610,arquivo.txt,1449,0.000596,2433130.880008
2025-12-04T17:19:35,127.0.0.1,53620,arquivo.txt,1449,0.003496,414427.096728
2025-12-04T17:19:35,127.0.0.1,53630,arquivo.txt,1449,0.000164,8846477.895908
2025-12-04T17:19:35,127.0.0.1,53642,arquivo.txt,1449,0.000160,9042573.108589
2025-12-04T17:19:35,127.0.0.1,53650,arquivo.txt,1449,0.000146,9926357.244580
2025-12-04T17:19:35,127.0.0.1,53660,arquivo.txt,1449,0.000130,11108811.145735
2025-12-04T17:19:35,127.0.0.1,53668,arquivo.txt,1449,0.000131,11057692.304144
2025-12-04T17:19:35,127.0.0.1,53680,arquivo.txt,1449,0.000127,11421859.963424
2025-12-04T17:19:36,127.0.0.1,53688,arquivo.txt,1449,0.005040,287510.097077
2025-12-04T17:19:36,127.0.0.1,53694,arquivo.txt,1449,0.000997,1453042.363760
2025-12-04T17:19:36,127.0.0.1,53696,arquivo.txt,1449,0.001793,807979.649319
2025-12-04T17:19:36,127.0.0.1,53698,arquivo.txt,1449,0.000289,5021538.206037
2025-12-04T17:19:36,127.0.0.1,53714,arquivo.txt,1449,0.000225,6448626.829661
2025-12-04T17:19:36,127.0.0.1,53716,arquivo.txt,1449,0.000158,9189381.159071
2025-12-04T17:19:36,127.0.0.1,53730,arquivo.txt,1449,0.000141,10260077.757475
2025-12-04T17:19:37,127.0.0.1,53746,arquivo.txt,1449,0.000585,2478359.254557
2025-12-04T17:19:37,127.0.0.1,53752,arquivo.txt,1449,0.003767,384611.607300
2025-12-04T17:19:37,127.0.0.1,53760,arquivo.txt,1449,0.000416,3482938.648211
2025-12-04T17:19:37,127.0.0.1,53764,arquivo.txt,1449,0.000412,3519715.507371
2025-12-04T17:19:37,127.0.0.1,53774,arquivo.txt,1449,0.000402,3602013.546428
2025-12-04T17:19:37,127.0.0.1,53784,arquivo.txt,1449,0.000340,4264335.850243
2025-12-04T17:19:37,127.0.0.1,53792,arquivo.txt,1449,0.000214,6779391.399437
2025-12-04T17:19:37,127.0.0.1,53802,arquivo.txt,1449,0.000093,15506613.593675
2025-12-04T17:19:38,127.0.0.1,53816,arquivo.txt,1449,0.000207,6992163.376972
2025-12-04T17:19:38,127.0.0.1,53820,arquivo.txt,1449,0.000097,14966379.873608
2025-12-04T17:19:38,127.0.0.1,53832,arquivo.txt,1449,0.000171,8495444.472110
2025-12-04T17:19:38,127.0.0.1,53844,arquivo.txt,1449,0.000161,9025731.743761
2025-12-04T17:19:38,127.0.0.1,53848,arquivo.txt,1449,0.000311,4656409.068213
2025-12-04T17:19:38,127.0.0.1,53850,arquivo.txt,1449,0.000143,10104038.827318
2025-12-04T17:19:38,127.0.0.1,53856,arquivo.txt,1449,0.000061,23679179.004610
2025-12-04T17:19:38,127.0.0.1,53866,arquivo.txt,1449,0.000061,23891572.807395
2025-12-04T17:19:38,127.0.0.1,53874,arquivo.txt,1449,0.000055,26513210.853162
2025-12-04T17:19:39,127.0.0.1,53876,arquivo.txt,1449,0.000420,3446209.170196
2025-12-04T17:19:39,127.0.0.1,53892,arquivo.txt,1449,0.000228,6345716.747424
2025-12-04T17:19:39,127.0.0.1,53898,arquivo.txt,1449,0.000186,7772729.473303
2025-12-04T17:19:39,127.0.0.1,53904,arquivo.txt,1449,0.000132,10962738.785821
2025-12-04T17:19:39,127.0.0.1,53918,arquivo.txt,1449,0.000121,12009647.494819
2025-12-04T17:19:39,127.0.0.1,53926,arquivo.txt,1449,0.000122,11902903.849174
2025-12-04T17:19:39,127.0.0.1,53940,arquivo.txt,1449,0.000117,12362531.875971
2025-12-04T17:19:39,127.0.0.1,53946,arquivo.txt,1449,0.000114,12706179.466941
2025-12-04T17:19:39,127.0.0.1,53960,arquivo.txt,1449,0.000119,12138626.636390
2025-12-04T17:19:40,127.0.0.1,53964,arquivo.txt,1449,0.000566,2559799.314638
2025-12-04T17:19:40,127.0.0.1,53978,arquivo.txt,1449,0.003740,387426.007375
2025-12-04T17:19:40,127.0.0.1,53984,arquivo.txt,1449,0.000760,1906596.508190
2025-12-04T17:19:40,127.0.0.1,53996,arquivo.txt,1449,0.000324,4476920.224248
2025-12-04T17:19:40,127.0.0.1,53998,arquivo.txt,1449,0.000244,5947518.991373
2025-12-04T17:19:40,127.0.0.1,54008,arquivo.txt,1449,0.000349,4155255.724913
2025-12-04T17:19:40,127.0.0.1,54016,arquivo.txt,1449,0.000306,4734303.934232
2025-12-04T17:19:40,127.0.0.1,54020,arquivo.txt,1449,0.000274,5282999.605709
2025-12-04T17:19:41,127.0.0.1,54026,arquivo.txt,1449,0.000652,2222225.629910
2025-12-04T17:19:41,127.0.0.1,54028,arquivo.txt,1449,0.003421,423581.783014
2025-12-04T17:19:41,127.0.0.1,54040,arquivo.txt,1449,0.000231,6263643.637670
2025-12-04T17:19:41,127.0.0.1,54054,arquivo.txt,1449,0.000154,9398228.022004
2025-12-04T17:19:41,127.0.0.1,54058,arquivo.txt,1449,0.000135,10735241.818648
2025-12-04T17:19:41,127.0.0.1,54072,arquivo.txt,1449,0.000134,10850356.441982
2025-12-04T17:19:41,127.0.0.1,54080,arquivo.txt,1449,0.000127,11396257.869594
2025-12-04T17:19:41,127.0.0.1,54092,arquivo.txt,1449,0.000129,11223944.425367
2025-12-04T17:19:42,127.0.0.1,54094,arquivo.txt,1449,0.000189,7675723.209902
2025-12-04T17:19:42,127.0.0.1,54108,arquivo.txt,1449,0.003884,373023.957735
2025-12-04T17:19:42,127.0.0.1,54120,arquivo.txt,1449,0.000098,14762064.868634
2025-12-04T17:19:42,127.0.0.1,54132,arquivo.txt,1449,0.000060,24343531.116699
2025-12-04T17:19:42,127.0.0.1,54142,arquivo.txt,1449,0.000275,5264553.819048
2025-12-04T17:19:42,127.0.0.1,54152,arquivo.txt,1449,0.000201,7214267.220397
2025-12-04T17:19:42,127.0.0.1,54156,arquivo.txt,1449,0.000170,8520772.684874
2025-12-04T17:19:42,127.0.0.1,54158,arquivo.txt,1449,0.000081,17852962.555867
2025-12-04T17:19:43,127.0.0.1,54160,arquivo.txt,1449,0.000635,2281835.861531
2025-12-04T17:19:43,127.0.0.1,37884,arquivo.txt,1449,0.003628,399424.541983
2025-12-04T17:19:43,127.0.0.1,37896,arquivo.txt,1449,0.000245,5916169.232642
2025-12-04T17:19:43,127.0.0.1,37906,arquivo.txt,1449,0.000276,5256551.640024
2025-12-04T17:19:43,127.0.0.1,37918,arquivo.txt,1449,0.000185,7847661.135633
2025-12-04T17:19:43,127.0.0.1,37928,arquivo.txt,1449,0.000162,8920161.785690
2025-12-04T17:19:43,127.0.0.1,37944,arquivo.txt,1449,0.000160,9028768.677991
2025-12-04T17:19:43,127.0.0.1,37954,arquivo.txt,1449,0.000142,10239414.323302
2025-12-04T17:19:44,127.0.0.1,37958,arquivo.txt,1449,0.001056,1372545.119198
2025-12-04T17:19:44,127.0.0.1,37960,arquivo.txt,1449,0.003334,434630.546032
2025-12-04T17:19:44,127.0.0.1,37964,arquivo.txt,1449,0.000613,2365509.597174
2025-12-04T17:19:44,127.0.0.1,37966,arquivo.txt,1449,0.000286,5074631.050135
2025-12-04T17:19:44,127.0.0.1,37978,arquivo.txt,1449,0.000191,7589407.304207
2025-12-04T17:19:44,127.0.0.1,37992,arquivo.txt,1449,0.000169,8572442.759010
2025-12-04T17:19:44,127.0.0.1,37996,arquivo.txt,1449,0.000159,9096273.604283
2025-12-04T17:19:44,127.0.0.1,38006,arquivo.txt,1449,0.000141,10310745.524601
2025-12-04T17:19:45,127.0.0.1,38008,arquivo.txt,1449,0.000649,2233519.125304
2025-12-04T17:19:45,127.0.0.1,38022,arquivo.txt,1449,0.003507,413143.730116
2025-12-04T17:19:45,127.0.0.1,38038,arquivo.txt,1449,0.000175,8293838.861069
2025-12-04T17:19:45,127.0.0.1,38048,arquivo.txt,1449,0.000137,10545007.316221
2025-12-04T17:19:45,127.0.0.1,38058,arquivo.txt,1449,0.000135,10719834.281059
2025-12-04T17:19:45,127.0.0.1,38072,arquivo.txt,1449,0.000143,10122107.971685
2025-12-04T17:19:45,127.0.0.1,38080,arquivo.txt,1449,0.000140,10321027.398867
2025-12-04T17:19:45,127.0.0.1,38084,arquivo.txt,1449,0.000161,9024607.468389
2025-12-04T17:19:46,127.0.0.1,38098,arquivo.txt,1449,0.000378,3829362.143952
2025-12-04T17:19:46,127.0.0.1,38104,arquivo.txt,1449,0.003821,379237.666874
2025-12-04T17:19:46,127.0.0.1,38118,arquivo.txt,1449,0.000217,6665899.944945
2025-12-04T17:19:46,127.0.0.1,38124,arquivo.txt,1449,0.000167,8690749.656663
2025-12-04T17:19:46,127.0.0.1,38132,arquivo.txt,1449,0.000167,8673063.232027
2025-12-04T17:19:46,127.0.0.1,38148,arquivo.txt,1449,0.000157,9247086.742087
2025-12-04T17:19:46,127.0.0.1,38152,arquivo.txt,1449,0.000170,8499381.173966
2025-12-04T17:19:46,127.0.0.1,38160,arquivo.txt,1449,0.000165,8800913.493289
2025-12-04T17:19:47,127.0.0.1,38168,arquivo.txt,1449,0.000564,2568060.697040
2025-12-04T17:19:47,127.0.0.1,38182,arquivo.txt,1449,0.003484,415947.943628
2025-12-04T17:19:47,127.0.0.1,38196,arquivo.txt,1449,0.000139,10413148.307650
2025-12-04T17:19:47,127.0.0.1,38200,arquivo.txt,1449,0.000123,11772926.343616
2025-12-04T17:19:47,127.0.0.1,38212,arquivo.txt,1449,0.000119,12161855.908792
2025-12-04T17:19:47,127.0.0.1,38218,arquivo.txt,1449,0.000103,14020454.959458
2025-12-04T17:19:47,127.0.0.1,38234,arquivo.txt,1449,0.000103,14053362.029610
2025-12-04T17:19:47,127.0.0.1,38242,arquivo.txt,1449,0.000105,13851315.814355
2025-12-04T17:19:48,127.0.0.1,38256,arquivo.txt,1449,0.000859,1687269.441439
2025-12-04T17:19:48,127.0.0.1,38264,arquivo.txt,1449,0.000418,3466424.248425
2025-12-04T17:19:48,127.0.0.1,38270,arquivo.txt,1449,0.000565,2565677.992104
2025-12-04T17:19:48,127.0.0.1,38274,arquivo.txt,1449,0.000498,2909504.178994
2025-12-04T17:19:48,127.0.0.1,38282,arquivo.txt,1449,0.000225,6438283.123128
2025-12-04T17:19:48,127.0.0.1,38292,arquivo.txt,1449,0.000138,10464889.538428
2025-12-04T17:19:48,127.0.0.1,38296,arquivo.txt,1449,0.000121,11933783.547298
2025-12-04T17:19:48,127.0.0.1,38308,arquivo.txt,1449,0.000121,11958899.033618
2025-12-04T17:19:48,127.0.0.1,38316,arquivo.txt,1449,0.000115,12624370.535259
2025-12-04T17:19:49,127.0.0.1,38328,arquivo.txt,1449,0.000733,1976373.538769
2025-12-04T17:19:49,127.0.0.1,38332,arquivo.txt,1449,0.003257,444863.757785
2025-12-04T17:19:49,127.0.0.1,38344,arquivo.txt,1449,0.000231,6278271.724048
2025-12-04T17:19:49,127.0.0.1,38350,arquivo.txt,1449,0.000156,9317728.762630
2025-12-04T17:19:49,127.0.0.1,38358,arquivo.txt,1449,0.000159,9137171.082703
2025-12-04T17:19:49,127.0.0.1,38368,arquivo.txt,1449,0.000136,10618807.522733
2025-12-04T17:19:49,127.0.0.1,38378,arquivo.txt,1449,0.000125,11600630.881245
2025-12-04T17:19:49,127.0.0.1,38394,arquivo.txt,1449,0.000139,10439030.013459
2025-12-04T17:19:50,127.0.0.1,38396,arquivo.txt,1449,0.000891,1626426.911895
2025-12-04T17:19:50,127.0.0.1,38410,arquivo.txt,1449,0.003167,457544.222181
2025-12-04T17:19:50,127.0.0.1,38412,arquivo.txt,1449,0.000271,5346843.741077
2025-12-04T17:19:50,127.0.0.1,38426,arquivo.txt,1449,0.000227,6379522.125139
2025-12-04T17:19:50,127.0.0.1,38430,arquivo.txt,1449,0.000169,8580666.547313
2025-12-04T17:19:50,127.0.0.1,38434,arquivo.txt,1449,0.000152,9518491.761374
2025-12-04T17:19:50,127.0.0.1,38450,arquivo.txt,1449,0.000175,8299396.880669
2025-12-04T17:19:50,127.0.0.1,38456,arquivo.txt,1449,0.000153,9457730.665026
2025-12-04T17:19:51,127.0.0.1,38472,arquivo.txt,1449,0.000674,2148474.568647
2025-12-04T17:19:51,127.0.0.1,38482,arquivo.txt,1449,0.003371,429872.744021
2025-12-04T17:19:51,127.0.0.1,38488,arquivo.txt,1449,0.000200,7255556.832602
2025-12-04T17:19:51,127.0.0.1,38502,arquivo.txt,1449,0.000185,7828370.143247
2025-12-04T17:19:51,127.0.0.1,38514,arquivo.txt,1449,0.000165,8763282.506289
2025-12-04T17:19:51,127.0.0.1,38528,arquivo.txt,1449,0.000162,8970969.725675
2025-12-04T17:19:51,127.0.0.1,38542,arquivo.txt,1449,0.000137,10598380.619251
2025-12-04T17:19:51,127.0.0.1,38554,arquivo.txt,1449,0.000150,9665670.520444
2025-12-04T17:19:52,127.0.0.1,38566,arquivo.txt,1449,0.000828,1749372.507691
2025-12-04T17:19:52,127.0.0.1,38574,arquivo.txt,1449,0.003252,445582.917181
2025-12-04T17:19:52,127.0.0.1,38580,arquivo.txt,1449,0.000193,7503301.141735
2025-12-04T17:19:52,127.0.0.1,38588,arquivo.txt,1449,0.000144,10092286.258847
2025-12-04T17:19:52,127.0.0.1,38594,arquivo.txt,1449,0.000144,10086174.490963
2025-12-04T17:19:52,127.0.0.1,38608,arquivo.txt,1449,0.000124,11669955.302508
2025-12-04T17:19:52,127.0.0.1,38614,arquivo.txt,1449,0.000122,11921706.723289
2025-12-04T17:19:52,127.0.0.1,38628,arquivo.txt,1449,0.000122,11832724.947953
2025-12-04T17:19:53,127.0.0.1,38632,arquivo.txt,1449,0.000357,4058164.220237
2025-12-04T17:19:53,127.0.0.1,45798,arquivo.txt,1449,0.003566,406283.856976
2025-12-04T17:19:53,127.0.0.1,45808,arquivo.txt,1449,0.000162,8969026.209255
2025-12-04T17:19:53,127.0.0.1,45818,arquivo.txt,1449,0.000149,9743731.125227
2025-12-04T17:19:53,127.0.0.1,45828,arquivo.txt,1449,0.000148,9784986.892571
2025-12-04T17:19:53,127.0.0.1,45844,arquivo.txt,1449,0.000146,9920037.239592
2025-12-04T17:19:53,127.0.0.1,45848,arquivo.txt,1449,0.000127,11383276.256733
2025-12-04T17:19:53,127.0.0.1,45854,arquivo.txt,1449,0.000134,10822640.159964
2025-12-04T17:19:54,127.0.0.1,45856,arquivo.txt,1449,0.000342,4237796.229585
2025-12-04T17:19:54,127.0.0.1,45868,arquivo.txt,1449,0.000386,3749728.280985
2025-12-04T17:19:54,127.0.0.1,45884,arquivo.txt,1449,0.000324,4468029.995723
2025-12-04T17:19:54,127.0.0.1,45894,arquivo.txt,1449,0.000278,5208202.289966
2025-12-04T17:19:54,127.0.0.1,45900,arquivo.txt,1449,0.000239,6067610.518753
2025-12-04T17:19:54,127.0.0.1,45904,arquivo.txt,1449,0.000169,8598487.994863
2025-12-04T17:19:54,127.0.0.1,45910,arquivo.txt,1449,0.000220,6573783.804792
2025-12-04T17:19:54,127.0.0.1,45918,arquivo.txt,1449,0.000153,9455570.571428
2025-12-04T17:19:54,127.0.0.1,45920,arquivo.txt,1449,0.000630,2299839.376332
2025-12-04T17:19:55,127.0.0.1,45928,arquivo.txt,1449,0.000840,1724948.662471
2025-12-04T17:19:55,127.0.0.1,45944,arquivo.txt,1449,0.003217,450399.484790
2025-12-04T17:19:55,127.0.0.1,45948,arquivo.txt,1449,0.000286,5065140.718130
2025-12-04T17:19:55,127.0.0.1,45962,arquivo.txt,1449,0.000386,3756318.858608
2025-12-04T17:19:55,127.0.0.1,45976,arquivo.txt,1449,0.000328,4415152.288883
2025-12-04T17:19:55,127.0.0.1,45984,arquivo.txt,1449,0.000199,7266326.668100
2025-12-04T17:19:55,127.0.0.1,45988,arquivo.txt,1449,0.000193,7505905.265984
2025-12-04T17:19:55,127.0.0.1,45990,arquivo.txt,1449,0.000145,9975834.930643
2025-12-04T17:19:56,127.0.0.1,46000,arquivo.txt,1449,0.000739,1961976.383382
2025-12-04T17:19:56,127.0.0.1,46004,arquivo.txt,1449,0.003276,442319.708937
2025-12-04T17:19:56,127.0.0.1,46010,arquivo.txt,1449,0.000239,6072950.847714
2025-12-04T17:19:56,127.0.0.1,46026,arquivo.txt,1449,0.000153,9484536.092834
2025-12-04T17:19:56,127.0.0.1,46036,arquivo.txt,1449,0.000158,9174834.746817
2025-12-04T17:19:56,127.0.0.1,46040,arquivo.txt,1449,0.000135,10719754.976171
2025-12-04T17:19:56,127.0.0.1,46052,arquivo.txt,1449,0.000126,11501277.914537
2025-12-04T17:19:56,127.0.0.1,46062,arquivo.txt,1449,0.000150,9647329.837636
2025-12-04T17:19:57,127.0.0.1,46066,arquivo.txt,1449,0.001041,1392279.908771
2025-12-04T17:19:57,127.0.0.1,46076,arquivo.txt,1449,0.002870,504795.381970
2025-12-04T17:19:57,127.0.0.1,46086,arquivo.txt,1449,0.000246,5894700.871830
2025-12-04T17:19:57,127.0.0.1,46088,arquivo.txt,1449,0.000202,7159303.137926
2025-12-04T17:19:57,127.0.0.1,46092,arquivo.txt,1449,0.000177,8203264.317329
2025-12-04T17:19:57,127.0.0.1,46094,arquivo.txt,1449,0.000159,9114182.012616
2025-12-04T17:19:57,127.0.0.1,46096,arquivo.txt,1449,0.000187,7756544.079762
2025-12-04T17:19:57,127.0.0.1,46110,arquivo.txt,1449,0.000185,7846216.320550
2025-12-04T17:19:58,127.0.0.1,46124,arquivo.txt,1449,0.000673,2154006.243511
2025-12-04T17:19:58,127.0.0.1,46126,arquivo.txt,1449,0.003445,420654.025558
2025-12-04T17:19:58,127.0.0.1,46142,arquivo.txt,1449,0.000179,8080436.304612
2025-12-04T17:19:58,127.0.0.1,46148,arquivo.txt,1449,0.000144,10067883.521330
2025-12-04T17:19:58,127.0.0.1,46156,arquivo.txt,1449,0.000142,10220347.593160
2025-12-04T17:19:58,127.0.0.1,46168,arquivo.txt,1449,0.000158,9157497.576049
2025-12-04T17:19:58,127.0.0.1,46172,arquivo.txt,1449,0.000133,10907120.112948
2025-12-04T17:19:58,127.0.0.1,46174,arquivo.txt,1449,0.000124,11678420.307412
2025-12-04T17:19:59,127.0.0.1,46176,arquivo.txt,1449,0.000628,2305694.699612
2025-12-04T17:19:59,127.0.0.1,46186,arquivo.txt,1449,0.000289,5008503.048790
2025-12-04T17:19:59,127.0.0.1,46200,arquivo.txt,1449,0.000179,8110922.037825
2025-12-04T17:19:59,127.0.0.1,46212,arquivo.txt,1449,0.000176,8251050.599621
2025-12-04T17:19:59,127.0.0.1,46226,arquivo.txt,1449,0.000153,9440784.982212
2025-12-04T17:19:59,127.0.0.1,46238,arquivo.txt,1449,0.000185,7836159.907534
2025-12-04T17:19:59,127.0.0.1,46246,arquivo.txt,1449,0.000148,9765137.978914
2025-12-04T17:19:59,127.0.0.1,46258,arquivo.txt,1449,0.000126,11535889.437276
2025-12-04T17:19:59,127.0.0.1,46262,arquivo.txt,1449,0.000127,11417809.883787
2025-12-04T17:19:59,127.0.0.1,46272,arquivo.txt,1449,0.000120,12073490.814338
2025-12-04T17:19:59,127.0.0.1,46280,arquivo.txt,1449,0.000110,13141903.541342
2025-12-04T17:20:00,127.0.0.1,46282,arquivo.txt,1449,0.000441,3284075.972236
2025-12-04T17:20:00,127.0.0.1,46288,arquivo.txt,1449,0.000234,6195855.748657
2025-12-04T17:20:00,127.0.0.1,46296,arquivo.txt,1449,0.000156,9273006.538716
2025-12-04T17:20:00,127.0.0.1,46310,arquivo.txt,1449,0.000145,10003520.909345
2025-12-04T17:20:00,127.0.0.1,46320,arquivo.txt,1449,0.000120,12044987.910584
2025-12-04T17:20:00,127.0.0.1,46330,arquivo.txt,1449,0.000138,10472074.479244
2025-12-04T17:20:00,127.0.0.1,46338,arquivo.txt,1449,0.000124,11708617.833229
2025-12-04T17:20:00,127.0.0.1,46346,arquivo.txt,1449,0.000117,12421987.528348
2025-12-04T17:20:00,127.0.0.1,46352,arquivo.txt,1449,0.000131,11102597.505283
2025-12-04T17:20:00,127.0.0.1,46364,arquivo.txt,1449,0.000117,12335799.366067
2025-12-04T17:20:00,127.0.0.1,46366,arquivo.txt,1449,0.000150,9687512.533420
2025-12-04T17:20:00,127.0.0.1,46380,arquivo.txt,1449,0.000137,10545928.274521
2025-12-04T17:20:00,127.0.0.1,46382,arquivo.txt,1449,0.000123,11770248.642063
2025-12-04T17:20:00,127.0.0.1,46388,arquivo.txt,1449,0.000127,11390613.938879
2025-12-04T17:20:00,127.0.0.1,46404,arquivo.txt,1449,0.000046,31761688.677486
2025-12-04T17:20:00,127.0.0.1,46408,arquivo.txt,1449,0.000036,39882197.472258
2025-12-04T17:20:00,127.0.0.1,46418,arquivo.txt,1449,0.000036,40276851.306317
2025-12-04T17:20:00,127.0.0.1,46424,arquivo.txt,1449,0.000035,41187004.430699
2025-12-04T17:20:00,127.0.0.1,46428,arquivo.txt,1449,0.000035,41786826.574019
2025-12-04T17:20:00,127.0.0.1,46430,arquivo.txt,1449,0.000034,42326342.306278
2025-12-04T17:20:00,127.0.0.1,46444,arquivo.txt,1449,0.000036,40694245.544934
2025-12-04T17:20:00,127.0.0.1,46446,arquivo.txt,1449,0.000055,26385272.347390
2025-12-04T17:20:00,127.0.0.1,46450,arquivo.txt,1449,0.000059,24751460.475778
2025-12-04T17:20:00,127.0.0.1,46456,arquivo.txt,1449,0.000049,29413555.850218
2025-12-04T17:20:00,127.0.0.1,46468,arquivo.txt,1449,0.000137,10594428.608465
2025-12-04T17:20:00,127.0.0.1,46474,arquivo.txt,1449,0.000140,10334350.847110
2025-12-04T17:20:00,127.0.0.1,46484,arquivo.txt,1449,0.000185,7817557.943096
2025-12-04T17:20:00,127.0.0.1,46492,arquivo.txt,1449,0.000099,14588178.434510
2025-12-04T17:20:00,127.0.0.1,46504,arquivo.txt,1449,0.000094,15493846.293046
2025-12-04T17:20:01,127.0.0.1,46514,arquivo.txt,1449,0.000392,3696136.274497
2025-12-04T17:20:01,127.0.0.1,46518,arquivo.txt,1449,0.003654,396532.516072
2025-12-04T17:20:01,127.0.0.1,46532,arquivo.txt,1449,0.000573,2527900.237089
2025-12-04T17:20:01,127.0.0.1,46542,arquivo.txt,1449,0.000471,3079329.390675
2025-12-04T17:20:01,127.0.0.1,46546,arquivo.txt,1449,0.000400,3626480.061916
2025-12-04T17:20:01,127.0.0.1,46552,arquivo.txt,1449,0.000454,3194409.233774
2025-12-04T17:20:01,127.0.0.1,46554,arquivo.txt,1449,0.000177,8173188.105470
2025-12-04T17:20:01,127.0.0.1,46558,arquivo.txt,1449,0.000131,11050692.854683
2025-12-04T17:20:02,127.0.0.1,46572,arquivo.txt,1449,0.000682,2125072.778987
2025-12-04T17:20:02,127.0.0.1,46578,arquivo.txt,1449,0.003447,420332.489101
2025-12-04T17:20:02,127.0.0.1,46582,arquivo.txt,1449,0.000345,4194917.461693
2025-12-04T17:20:02,127.0.0.1,46588,arquivo.txt,1449,0.000255,5689291.645212
2025-12-04T17:20:02,127.0.0.1,46590,arquivo.txt,1449,0.000219,6628878.853566
2025-12-04T17:20:02,127.0.0.1,46606,arquivo.txt,1449,0.000239,6055591.080168
2025-12-04T17:20:02,127.0.0.1,46616,arquivo.txt,1449,0.000237,6110134.220364
2025-12-04T17:20:02,127.0.0.1,46620,arquivo.txt,1449,0.000205,7072605.246807
2025-12-04T17:20:03,127.0.0.1,46636,arquivo.txt,1449,0.000835,1734656.253068
2025-12-04T17:20:03,127.0.0.1,38288,arquivo.txt,1449,0.003126,463519.659296
2025-12-04T17:20:03,127.0.0.1,38300,arquivo.txt,1449,0.000242,5984957.062549
2025-12-04T17:20:03,127.0.0.1,38308,arquivo.txt,1449,0.000111,13048059.002714
2025-12-04T17:20:03,127.0.0.1,38310,arquivo.txt,1449,0.000103,14094096.812839
2025-12-04T17:20:03,127.0.0.1,38324,arquivo.txt,1449,0.000095,15232428.583545
2025-12-04T17:20:03,127.0.0.1,38326,arquivo.txt,1449,0.000095,15280780.400141
2025-12-04T17:20:03,127.0.0.1,38328,arquivo.txt,1449,0.000230,6288789.546728
2025-12-04T17:20:04,127.0.0.1,38344,arquivo.txt,1449,0.000405,3577618.772166
2025-12-04T17:20:04,127.0.0.1,38356,arquivo.txt,1449,0.000434,3338601.979655
2025-12-04T17:20:04,127.0.0.1,38372,arquivo.txt,1449,0.000333,4357344.335141
2025-12-04T17:20:04,127.0.0.1,38382,arquivo.txt,1449,0.000234,6192095.996540
2025-12-04T17:20:04,127.0.0.1,38388,arquivo.txt,1449,0.000463,3132451.462084
2025-12-04T17:20:04,127.0.0.1,38394,arquivo.txt,1449,0.000267,5426194.025893
2025-12-04T17:20:04,127.0.0.1,38406,arquivo.txt,1449,0.000293,4945291.222830
2025-12-04T17:20:04,127.0.0.1,38410,arquivo.txt,1449,0.000294,4928906.725811
2025-12-04T17:20:04,127.0.0.1,38424,arquivo.txt,1449,0.000234,6189847.624204
2025-12-04T17:20:04,127.0.0.1,38434,arquivo.txt,1449,0.000109,13309573.880922
2025-12-04T17:20:04,127.0.0.1,38446,arquivo.txt,1449,0.000119,12150230.169949
2025-12-04T17:20:04,127.0.0.1,38460,arquivo.txt,1449,0.000095,15197440.858168
2025-12-04T17:20:05,127.0.0.1,38462,arquivo.txt,1449,0.000641,2262093.771525
2025-12-04T17:20:05,127.0.0.1,38468,arquivo.txt,1449,0.000316,4585457.547142
2025-12-04T17:20:05,127.0.0.1,38476,arquivo.txt,1449,0.000198,7312678.835378
2025-12-04T17:20:05,127.0.0.1,38492,arquivo.txt,1449,0.000188,7725321.896421
2025-12-04T17:20:05,127.0.0.1,38502,arquivo.txt,1449,0.000154,9399325.378337
2025-12-04T17:20:05,127.0.0.1,38510,arquivo.txt,1449,0.000153,9440477.443996
2025-12-04T17:20:05,127.0.0.1,38520,arquivo.txt,1449,0.000132,10936922.096532
2025-12-04T17:20:05,127.0.0.1,38536,arquivo.txt,1449,0.000158,9142763.390250
2025-12-04T17:20:05,127.0.0.1,38548,arquivo.txt,1449,0.000166,8753330.074933
2025-12-04T17:20:05,127.0.0.1,38560,arquivo.txt,1449,0.000162,8952291.517228
2025-12-04T17:20:05,127.0.0.1,38574,arquivo.txt,1449,0.000157,9228065.025465
2025-12-04T17:20:05,127.0.0.1,38576,arquivo.txt,1449,0.000036,39982340.345043
2025-12-04T17:20:05,127.0.0.1,38580,arquivo.txt,1449,0.000034,42316453.656114
2025-12-04T17:20:05,127.0.0.1,38592,arquivo.txt,1449,0.000034,42473984.973087
2025-12-04T17:20:06,127.0.0.1,38608,arquivo.txt,1449,0.000891,1626565.667542
2025-12-04T17:20:06,127.0.0.1,38622,arquivo.txt,1449,0.000400,3621250.668232
2025-12-04T17:20:06,127.0.0.1,38626,arquivo.txt,1449,0.000254,5695486.061892
2025-12-04T17:20:06,127.0.0.1,38634,arquivo.txt,1449,0.000228,6349359.370086
2025-12-04T17:20:06,127.0.0.1,38646,arquivo.txt,1449,0.000200,7251598.961285
2025-12-04T17:20:06,127.0.0.1,38650,arquivo.txt,1449,0.000175,8294598.483824
2025-12-04T17:20:06,127.0.0.1,38662,arquivo.txt,1449,0.000170,8542020.370899
2025-12-04T17:20:06,127.0.0.1,38672,arquivo.txt,1449,0.000101,14339152.120994
2025-12-04T17:20:06,127.0.0.1,38678,arquivo.txt,1449,0.000035,41083073.551804
2025-12-04T17:20:06,127.0.0.1,38686,arquivo.txt,1449,0.000035,41667864.688411
2025-12-04T17:20:06,127.0.0.1,38700,arquivo.txt,1449,0.000035,41269117.953976
2025-12-04T17:20:06,127.0.0.1,38702,arquivo.txt,1449,0.000034,42596348.647559
2025-12-04T17:20:06,127.0.0.1,38712,arquivo.txt,1449,0.000034,42744623.930148
2025-12-04T17:20:06,127.0.0.1,38726,arquivo.txt,1449,0.000035,41795263.915586
2025-12-04T17:20:06,127.0.0.1,38734,arquivo.txt,1449,0.000038,38633818.459148
2025-12-04T17:20:06,127.0.0.1,38742,arquivo.txt,1449,0.000034,42848271.540779
2025-12-04T17:20:07,127.0.0.1,38746,arquivo.txt,1449,0.000380,3811753.563863
2025-12-04T17:20:07,127.0.0.1,38758,arquivo.txt,1449,0.003699,391710.550504
2025-12-04T17:20:07,127.0.0.1,38766,arquivo.txt,1449,0.000145,10022687.660566
2025-12-04T17:20:07,127.0.0.1,38772,arquivo.txt,1449,0.000129,11258916.220208
2025-12-04T17:20:07,127.0.0.1,38782,arquivo.txt,1449,0.000139,10406716.606632
2025-12-04T17:20:07,127.0.0.1,38784,arquivo.txt,1449,0.000122,11842782.762899
2025-12-04T17:20:07,127.0.0.1,38790,arquivo.txt,1449,0.000124,11705118.256498
2025-12-04T17:20:07,127.0.0.1,38802,arquivo.txt,1449,0.000136,10642517.196979
2025-12-04T17:20:08,127.0.0.1,38814,arquivo.txt,1449,0.000821,1764130.085776
2025-12-04T17:20:08,127.0.0.1,38822,arquivo.txt,1449,0.003292,440222.681586
2025-12-04T17:20:08,127.0.0.1,38824,arquivo.txt,1449,0.000173,8397322.589738
2025-12-04T17:20:08,127.0.0.1,38832,arquivo.txt,1449,0.000146,9936635.935950
2025-12-04T17:20:08,127.0.0.1,38838,arquivo.txt,1449,0.000150,9674511.770598
2025-12-04T17:20:08,127.0.0.1,38842,arquivo.txt,1449,0.000122,11840750.480711
2025-12-04T17:20:08,127.0.0.1,38856,arquivo.txt,1449,0.000126,11526529.311641
2025-12-04T17:20:08,127.0.0.1,38872,arquivo.txt,1449,0.000192,7538982.631849
2025-12-04T17:20:09,127.0.0.1,38884,arquivo.txt,1449,0.004684,309360.955060
2025-12-04T17:20:09,127.0.0.1,38900,arquivo.txt,1449,0.001176,1232381.788414
2025-12-04T17:20:09,127.0.0.1,38916,arquivo.txt,1449,0.001457,994212.434846
2025-12-04T17:20:09,127.0.0.1,38924,arquivo.txt,1449,0.000150,9673220.069346
2025-12-04T17:20:09,127.0.0.1,38932,arquivo.txt,1449,0.000138,10532896.227814
2025-12-04T17:20:09,127.0.0.1,38946,arquivo.txt,1449,0.000141,10270549.958729
2025-12-04T17:20:09,127.0.0.1,38962,arquivo.txt,1449,0.000139,10389256.547112
2025-12-04T17:20:10,127.0.0.1,38972,arquivo.txt,1449,0.000602,2407220.665078
2025-12-04T17:20:10,127.0.0.1,38984,arquivo.txt,1449,0.003490,415145.921343
2025-12-04T17:20:10,127.0.0.1,38998,arquivo.txt,1449,0.000174,8309153.256474
2025-12-04T17:20:10,127.0.0.1,39000,arquivo.txt,1449,0.000175,8275176.756133
2025-12-04T17:20:10,127.0.0.1,39008,arquivo.txt,1449,0.000160,9070479.302836
2025-12-04T17:20:10,127.0.0.1,39022,arquivo.txt,1449,0.000138,10525933.471740
2025-12-04T17:20:10,127.0.0.1,39032,arquivo.txt,1449,0.000138,10506623.732149
2025-12-04T17:20:10,127.0.0.1,39046,arquivo.txt,1449,0.000134,10821185.327222
2025-12-04T17:20:11,127.0.0.1,39062,arquivo.txt,1449,0.000915,1582976.826937
2025-12-04T17:20:11,127.0.0.1,39076,arquivo.txt,1449,0.000388,3731055.046898
2025-12-04T17:20:11,127.0.0.1,39088,arquivo.txt,1449,0.000250,5796208.660124
2025-12-04T17:20:11,127.0.0.1,39102,arquivo.txt,1449,0.000234,6188816.569449
2025-12-04T17:20:11,127.0.0.1,39110,arquivo.txt,1449,0.000247,5864710.956473
2025-12-04T17:20:11,127.0.0.1,39114,arquivo.txt,1449,0.000178,8125476.641814
2025-12-04T17:20:11,127.0.0.1,39128,arquivo.txt,1449,0.000215,6729393.843390
2025-12-04T17:20:11,127.0.0.1,39130,arquivo.txt,1449,0.000043,34010092.640535
2025-12-04T17:20:11,127.0.0.1,39132,arquivo.txt,1449,0.000038,38228155.329919
2025-12-04T17:20:11,127.0.0.1,39136,arquivo.txt,1449,0.000042,34099733.963703
2025-12-04T17:20:12,127.0.0.1,39144,arquivo.txt,1449,0.000412,3517067.120702
2025-12-04T17:20:12,127.0.0.1,39152,arquivo.txt,1449,0.003739,387564.346639
2025-12-04T17:20:12,127.0.0.1,39168,arquivo.txt,1449,0.000183,7900246.436719
2025-12-04T17:20:12,127.0.0.1,39174,arquivo.txt,1449,0.000158,9148073.791722
2025-12-04T17:20:12,127.0.0.1,39190,arquivo.txt,1449,0.000147,9882218.142047
2025-12-04T17:20:12,127.0.0.1,39200,arquivo.txt,1449,0.000137,10594351.148210
2025-12-04T17:20:12,127.0.0.1,39208,arquivo.txt,1449,0.000136,10619819.267215
2025-12-04T17:20:12,127.0.0.1,39212,arquivo.txt,1449,0.000124,11691989.901200
2025-12-04T17:20:13,127.0.0.1,39222,arquivo.txt,1449,0.000306,4735959.626194
2025-12-04T17:20:13,127.0.0.1,44488,arquivo.txt,1449,0.000148,9795040.972004
2025-12-04T17:20:13,127.0.0.1,44502,arquivo.txt,1449,0.000186,7782456.440065
2025-12-04T17:20:13,127.0.0.1,44516,arquivo.txt,1449,0.000128,11345218.807752
2025-12-04T17:20:13,127.0.0.1,44524,arquivo.txt,1449,0.000124,11730608.878587
2025-12-04T17:20:13,127.0.0.1,44530,arquivo.txt,1449,0.000115,12651044.218091
2025-12-04T17:20:13,127.0.0.1,44532,arquivo.txt,1449,0.000100,14439461.896144
2025-12-04T17:20:13,127.0.0.1,44548,arquivo.txt,1449,0.000080,18114085.011410
2025-12-04T17:20:15,127.0.0.1,44554,arquivo.txt,1449,0.004675,309979.279100
2025-12-04T17:20:15,127.0.0.1,44560,arquivo.txt,1449,0.001109,1306639.060911
2025-12-04T17:20:15,127.0.0.1,44564,arquivo.txt,1449,0.001226,1181778.589033
2025-12-04T17:20:15,127.0.0.1,44580,arquivo.txt,1449,0.000221,6562291.956171
2025-12-04T17:20:15,127.0.0.1,44590,arquivo.txt,1449,0.000155,9349231.537596
2025-12-04T17:20:15,127.0.0.1,44600,arquivo.txt,1449,0.000151,9620108.610397
2025-12-04T17:20:15,127.0.0.1,44612,arquivo.txt,1449,0.000123,11771013.562925
2025-12-04T17:20:16,127.0.0.1,44618,arquivo.txt,1449,0.000795,1823228.611679
2025-12-04T17:20:16,127.0.0.1,44622,arquivo.txt,1449,0.003274,442567.207451
2025-12-04T17:20:16,127.0.0.1,44634,arquivo.txt,1449,0.000240,6029862.173463
2025-12-04T17:20:16,127.0.0.1,44648,arquivo.txt,1449,0.000182,7972358.095688
2025-12-04T17:20:16,127.0.0.1,44658,arquivo.txt,1449,0.000151,9593358.140676
2025-12-04T17:20:16,127.0.0.1,44672,arquivo.txt,1449,0.000153,9492551.389659
2025-12-04T17:20:16,127.0.0.1,44680,arquivo.txt,1449,0.000129,11226814.188132
2025-12-04T17:20:16,127.0.0.1,44690,arquivo.txt,1449,0.000124,11731368.655768
2025-12-04T17:20:17,127.0.0.1,44700,arquivo.txt,1449,0.000843,1718875.483200
2025-12-04T17:20:17,127.0.0.1,44714,arquivo.txt,1449,0.003102,467091.637339
2025-12-04T17:20:17,127.0.0.1,44716,arquivo.txt,1449,0.000071,20387775.818237
2025-12-04T17:20:17,127.0.0.1,44726,arquivo.txt,1449,0.000049,29488979.847978
2025-12-04T17:20:17,127.0.0.1,44736,arquivo.txt,1449,0.000043,33384020.040303
2025-12-04T17:20:17,127.0.0.1,44750,arquivo.txt,1449,0.000039,37360767.301907
2025-12-04T17:20:17,127.0.0.1,44756,arquivo.txt,1449,0.000042,34535357.715335
2025-12-04T17:20:17,127.0.0.1,44768,arquivo.txt,1449,0.000036,40047537.415527
2025-12-04T17:20:18,127.0.0.1,44770,arquivo.txt,1449,0.000867,1671768.116598
2025-12-04T17:20:18,127.0.0.1,44780,arquivo.txt,1449,0.004694,308676.164836
2025-12-04T17:20:18,127.0.0.1,44796,arquivo.txt,1449,0.000204,7119028.784235
2025-12-04T17:20:18,127.0.0.1,44802,arquivo.txt,1449,0.000199,7288255.798263
2025-12-04T17:20:18,127.0.0.1,44812,arquivo.txt,1449,0.000158,9179368.276537
2025-12-04T17:20:18,127.0.0.1,44818,arquivo.txt,1449,0.000158,9142013.513802
2025-12-04T17:20:18,127.0.0.1,44822,arquivo.txt,1449,0.000153,9462857.143037
2025-12-04T17:20:18,127.0.0.1,44832,arquivo.txt,1449,0.000130,11113752.983072
2025-12-04T17:20:19,127.0.0.1,44838,arquivo.txt,1449,0.000780,1857623.242218
2025-12-04T17:20:19,127.0.0.1,44844,arquivo.txt,1449,0.003367,430397.786756
2025-12-04T17:20:19,127.0.0.1,44854,arquivo.txt,1449,0.000205,7074780.774817
2025-12-04T17:20:19,127.0.0.1,44858,arquivo.txt,1449,0.000140,10330887.850780
2025-12-04T17:20:19,127.0.0.1,44862,arquivo.txt,1449,0.000144,10030527.692151
2025-12-04T17:20:19,127.0.0.1,44874,arquivo.txt,1449,0.000135,10697911.356383
2025-12-04T17:20:19,127.0.0.1,44884,arquivo.txt,1449,0.000132,10964563.793162
2025-12-04T17:20:19,127.0.0.1,44896,arquivo.txt,1449,0.000143,10108267.979538
2025-12-04T17:20:20,127.0.0.1,44900,arquivo.txt,1449,0.004897,295923.002029
2025-12-04T17:20:20,127.0.0.1,44910,arquivo.txt,1449,0.001095,1323751.891019
2025-12-04T17:20:20,127.0.0.1,44914,arquivo.txt,1449,0.001411,1026835.193357
2025-12-04T17:20:20,127.0.0.1,44918,arquivo.txt,1449,0.000220,6594756.966273
2025-12-04T17:20:20,127.0.0.1,44930,arquivo.txt,1449,0.000179,8101897.156140
2025-12-04T17:20:20,127.0.0.1,44946,arquivo.txt,1449,0.000182,7979690.061867
2025-12-04T17:20:20,127.0.0.1,44962,arquivo.txt,1449,0.000189,7659736.434028
2025-12-04T17:20:21,127.0.0.1,44972,arquivo.txt,1449,0.000745,1943927.942020
2025-12-04T17:20:21,127.0.0.1,44988,arquivo.txt,1449,0.003394,426934.278906
2025-12-04T17:20:21,127.0.0.1,44990,arquivo.txt,1449,0.000218,6660813.364419
2025-12-04T17:20:21,127.0.0.1,44998,arquivo.txt,1449,0.000173,8394160.581142
2025-12-04T17:20:21,127.0.0.1,45012,arquivo.txt,1449,0.000162,8938761.165420
2025-12-04T17:20:21,127.0.0.1,45022,arquivo.txt,1449,0.000138,10532896.227814
2025-12-04T17:20:21,127.0.0.1,45032,arquivo.txt,1449,0.000137,10598148.068487
2025-12-04T17:20:21,127.0.0.1,45046,arquivo.txt,1449,0.000128,11329694.893342
2025-12-04T17:20:22,127.0.0.1,45052,arquivo.txt,1449,0.000674,2151383.774910
2025-12-04T17:20:22,127.0.0.1,45068,arquivo.txt,1449,0.003424,423206.556329
2025-12-04T17:20:22,127.0.0.1,45074,arquivo.txt,1449,0.000199,7284481.890212
2025-12-04T17:20:22,127.0.0.1,45082,arquivo.txt,1449,0.000183,7924745.005779
2025-12-04T17:20:22,127.0.0.1,45088,arquivo.txt,1449,0.000185,7826467.396200
2025-12-04T17:20:22,127.0.0.1,45092,arquivo.txt,1449,0.000180,8047719.806325
2025-12-04T17:20:22,127.0.0.1,45096,arquivo.txt,1449,0.000133,10879440.179556
2025-12-04T17:20:22,127.0.0.1,45110,arquivo.txt,1449,0.000128,11305650.487379
2025-12-04T17:20:23,127.0.0.1,45122,arquivo.txt,1449,0.000707,2050627.429956
2025-12-04T17:20:23,127.0.0.1,58860,arquivo.txt,1449,0.003355,431850.477808
2025-12-04T17:20:23,127.0.0.1,58876,arquivo.txt,1449,0.000181,8003314.010053
2025-12-04T17:20:23,127.0.0.1,58890,arquivo.txt,1449,0.000137,10589241.204145
2025-12-04T17:20:23,127.0.0.1,58896,arquivo.txt,1449,0.000129,11238307.968799
2025-12-04T17:20:23,127.0.0.1,58900,arquivo.txt,1449,0.000120,12118018.956245
2025-12-04T17:20:23,127.0.0.1,58906,arquivo.txt,1449,0.000114,12751801.887684
2025-12-04T17:20:23,127.0.0.1,58922,arquivo.txt,1449,0.000117,12404016.521490
2025-12-04T17:20:24,127.0.0.1,58936,arquivo.txt,1449,0.000207,6991623.564666
2025-12-04T17:20:24,127.0.0.1,58952,arquivo.txt,1449,0.003658,396149.611685
2025-12-04T17:20:24,127.0.0.1,58968,arquivo.txt,1449,0.000101,14386417.778855
2025-12-04T17:20:24,127.0.0.1,58980,arquivo.txt,1449,0.000079,18341307.839815
2025-12-04T17:20:24,127.0.0.1,58988,arquivo.txt,1449,0.000069,20903661.390541
2025-12-04T17:20:24,127.0.0.1,58996,arquivo.txt,1449,0.000082,17573221.760864
2025-12-04T17:20:24,127.0.0.1,59002,arquivo.txt,1449,0.000054,26885610.991310
2025-12-04T17:20:24,127.0.0.1,59004,arquivo.txt,1449,0.000042,34410695.964526
2025-12-04T17:20:25,127.0.0.1,59020,arquivo.txt,1449,0.000796,1819241.016394
2025-12-04T17:20:25,127.0.0.1,59032,arquivo.txt,1449,0.003175,456382.552526
2025-12-04T17:20:25,127.0.0.1,59034,arquivo.txt,1449,0.000236,6141027.491255
2025-12-04T17:20:25,127.0.0.1,59044,arquivo.txt,1449,0.000163,8876935.896166
2025-12-04T17:20:25,127.0.0.1,59056,arquivo.txt,1449,0.000142,10212568.016277
2025-12-04T17:20:25,127.0.0.1,59070,arquivo.txt,1449,0.000142,10197977.289452
2025-12-04T17:20:25,127.0.0.1,59076,arquivo.txt,1449,0.000122,11888743.043079
2025-12-04T17:20:25,127.0.0.1,59084,arquivo.txt,1449,0.000114,12666416.070567
2025-12-04T17:20:26,127.0.0.1,59092,arquivo.txt,1449,0.000838,1729494.627011
2025-12-04T17:20:26,127.0.0.1,59106,arquivo.txt,1449,0.002845,509346.991834
2025-12-04T17:20:26,127.0.0.1,59122,arquivo.txt,1449,0.000363,3991658.562699
2025-12-04T17:20:26,127.0.0.1,59134,arquivo.txt,1449,0.000315,4595054.844959
2025-12-04T17:20:26,127.0.0.1,59148,arquivo.txt,1449,0.000278,5221602.808791
2025-12-04T17:20:26,127.0.0.1,59150,arquivo.txt,1449,0.000271,5341837.014006
2025-12-04T17:20:26,127.0.0.1,59154,arquivo.txt,1449,0.000270,5359520.637985
2025-12-04T17:20:26,127.0.0.1,59156,arquivo.txt,1449,0.000245,5916821.491283
2025-12-04T17:20:27,127.0.0.1,59162,arquivo.txt,1449,0.000437,3317687.463749
2025-12-04T17:20:27,127.0.0.1,59176,arquivo.txt,1449,0.003565,406494.941968
2025-12-04T17:20:27,127.0.0.1,59180,arquivo.txt,1449,0.000164,8836012.394372
2025-12-04T17:20:27,127.0.0.1,59196,arquivo.txt,1449,0.000138,10537262.199695
2025-12-04T17:20:27,127.0.0.1,59200,arquivo.txt,1449,0.000128,11284080.015054
2025-12-04T17:20:27,127.0.0.1,59206,arquivo.txt,1449,0.000117,12362848.303487
2025-12-04T17:20:27,127.0.0.1,59214,arquivo.txt,1449,0.000114,12722914.419288
2025-12-04T17:20:27,127.0.0.1,59220,arquivo.txt,1449,0.000118,12246346.807999
2025-12-04T17:20:28,127.0.0.1,59230,arquivo.txt,1449,0.000926,1564984.101777
2025-12-04T17:20:28,127.0.0.1,59244,arquivo.txt,1449,0.003166,457684.118372
2025-12-04T17:20:28,127.0.0.1,59252,arquivo.txt,1449,0.000200,7248588.056166
2025-12-04T17:20:28,127.0.0.1,59268,arquivo.txt,1449,0.000165,8781605.300688
2025-12-04T17:20:28,127.0.0.1,59278,arquivo.txt,1449,0.000149,9742879.417498
2025-12-04T17:20:28,127.0.0.1,59284,arquivo.txt,1449,0.000135,10705261.766400
2025-12-04T17:20:28,127.0.0.1,59286,arquivo.txt,1449,0.000137,10565459.910579
2025-12-04T17:20:28,127.0.0.1,59294,arquivo.txt,1449,0.000124,11727191.055620
2025-12-04T17:20:29,127.0.0.1,59296,arquivo.txt,1449,0.000472,3073164.213909
2025-12-04T17:20:29,127.0.0.1,59300,arquivo.txt,1449,0.000215,6731926.242852
2025-12-04T17:20:29,127.0.0.1,59304,arquivo.txt,1449,0.000193,7512676.667818
2025-12-04T17:20:29,127.0.0.1,59306,arquivo.txt,1449,0.000139,10396188.792181
2025-12-04T17:20:29,127.0.0.1,59312,arquivo.txt,1449,0.000130,11119979.139172
2025-12-04T17:20:29,127.0.0.1,59316,arquivo.txt,1449,0.000131,11097750.576593
2025-12-04T17:20:29,127.0.0.1,59328,arquivo.txt,1449,0.000128,11298686.104945
2025-12-04T17:20:29,127.0.0.1,59332,arquivo.txt,1449,0.000126,11536348.652718
2025-12-04T17:20:29,127.0.0.1,59344,arquivo.txt,1449,0.000128,11303092.954186
2025-12-04T17:20:29,127.0.0.1,59352,arquivo.txt,1449,0.000125,11613927.113644
2025-12-04T17:20:30,127.0.0.1,59360,arquivo.txt,1449,0.000438,3309269.378975
2025-12-04T17:20:30,127.0.0.1,59376,arquivo.txt,1449,0.003656,396284.172656
2025-12-04T17:20:30,127.0.0.1,59380,arquivo.txt,1449,0.000193,7492244.055955
2025-12-04T17:20:30,127.0.0.1,59390,arquivo.txt,1449,0.000168,8646461.758798
2025-12-04T17:20:30,127.0.0.1,59402,arquivo.txt,1449,0.000145,9969863.350373
2025-12-04T17:20:30,127.0.0.1,59414,arquivo.txt,1449,0.000148,9800274.609217
2025-12-04T17:20:30,127.0.0.1,59420,arquivo.txt,1449,0.000126,11526254.246833
2025-12-04T17:20:30,127.0.0.1,59422,arquivo.txt,1449,0.000124,11682563.226278
2025-12-04T17:20:31,127.0.0.1,59430,arquivo.txt,1449,0.000845,1715129.836232
2025-12-04T17:20:31,127.0.0.1,59438,arquivo.txt,1449,0.003250,445903.778320
2025-12-04T17:20:31,127.0.0.1,59440,arquivo.txt,1449,0.000077,18706912.114197
2025-12-04T17:20:31,127.0.0.1,59454,arquivo.txt,1449,0.000056,26054122.165530
2025-12-04T17:20:31,127.0.0.1,59458,arquivo.txt,1449,0.000049,29405199.170331
2025-12-04T17:20:31,127.0.0.1,59474,arquivo.txt,1449,0.000047,30552861.275631
2025-12-04T17:20:31,127.0.0.1,59476,arquivo.txt,1449,0.000053,27117565.511204
2025-12-04T17:20:31,127.0.0.1,59480,arquivo.txt,1449,0.000048,30215827.401165
2025-12-04T17:20:32,127.0.0.1,59494,arquivo.txt,1449,0.000991,1461638.790597
2025-12-04T17:20:32,127.0.0.1,59508,arquivo.txt,1449,0.002997,483475.417498
2025-12-04T17:20:32,127.0.0.1,59524,arquivo.txt,1449,0.000199,7293648.637866
2025-12-04T17:20:32,127.0.0.1,59530,arquivo.txt,1449,0.000146,9919561.870594
2025-12-04T17:20:32,127.0.0.1,59542,arquivo.txt,1449,0.000134,10788795.730004
2025-12-04T17:20:32,127.0.0.1,59544,arquivo.txt,1449,0.000161,8997261.710160
2025-12-04T17:20:32,127.0.0.1,59560,arquivo.txt,1449,0.000185,7814438.108215
2025-12-04T17:20:32,127.0.0.1,59572,arquivo.txt,1449,0.000138,10502892.113964
2025-12-04T17:20:33,127.0.0.1,59588,arquivo.txt,1449,0.000968,1497327.750443
2025-12-04T17:20:33,127.0.0.1,35348,arquivo.txt,1449,0.003214,450792.807362
2025-12-04T17:20:33,127.0.0.1,35354,arquivo.txt,1449,0.000261,5558112.770611
2025-12-04T17:20:33,127.0.0.1,35362,arquivo.txt,1449,0.000190,7632140.320953
2025-12-04T17:20:33,127.0.0.1,35374,arquivo.txt,1449,0.000161,8996144.515808
2025-12-04T17:20:33,127.0.0.1,35380,arquivo.txt,1449,0.000148,9780759.788671
2025-12-04T17:20:33,127.0.0.1,35392,arquivo.txt,1449,0.000142,10235436.231735
2025-12-04T17:20:33,127.0.0.1,35408,arquivo.txt,1449,0.000147,9875213.820860
2025-12-04T17:20:34,127.0.0.1,35416,arquivo.txt,1449,0.001120,1293255.791364
2025-12-04T17:20:34,127.0.0.1,35426,arquivo.txt,1449,0.001238,1170313.295005
2025-12-04T17:20:34,127.0.0.1,35436,arquivo.txt,1449,0.001417,1022367.914173
2025-12-04T17:20:34,127.0.0.1,35446,arquivo.txt,1449,0.000138,10512569.373966
2025-12-04T17:20:34,127.0.0.1,35452,arquivo.txt,1449,0.000125,11546000.734136
2025-12-04T17:20:34,127.0.0.1,35464,arquivo.txt,1449,0.000126,11487418.537821
2025-12-04T17:20:34,127.0.0.1,35476,arquivo.txt,1449,0.000136,10643611.628108
2025-12-04T17:20:35,127.0.0.1,35486,arquivo.txt,1449,0.000352,4113964.484334
2025-12-04T17:20:35,127.0.0.1,35502,arquivo.txt,1449,0.003571,405778.350932
2025-12-04T17:20:35,127.0.0.1,35512,arquivo.txt,1449,0.000387,3743392.871973
2025-12-04T17:20:35,127.0.0.1,35514,arquivo.txt,1449,0.000327,4433226.251050
2025-12-04T17:20:35,127.0.0.1,35516,arquivo.txt,1449,0.000317,4570228.225706
2025-12-04T17:20:35,127.0.0.1,35524,arquivo.txt,1449,0.000303,4774897.678448
2025-12-04T17:20:35,127.0.0.1,35538,arquivo.txt,1449,0.000129,11267583.714952
2025-12-04T17:20:35,127.0.0.1,35546,arquivo.txt,1449,0.000115,12591678.550633
2025-12-04T17:20:36,127.0.0.1,35556,arquivo.txt,1449,0.000584,2482822.433123
2025-12-04T17:20:36,127.0.0.1,35564,arquivo.txt,1449,0.000326,4444976.164524
2025-12-04T17:20:36,127.0.0.1,35568,arquivo.txt,1449,0.000246,5896451.959252
2025-12-04T17:20:36,127.0.0.1,35576,arquivo.txt,1449,0.000341,4244288.224648
2025-12-04T17:20:36,127.0.0.1,35592,arquivo.txt,1449,0.000167,8688925.660038
2025-12-04T17:20:36,127.0.0.1,35602,arquivo.txt,1449,0.000133,10915089.799756
2025-12-04T17:20:36,127.0.0.1,35612,arquivo.txt,1449,0.000180,8058102.865831
2025-12-04T17:20:36,127.0.0.1,35618,arquivo.txt,1449,0.000164,8858646.806830
2025-12-04T17:20:37,127.0.0.1,35626,arquivo.txt,1449,0.000708,2047124.841847
2025-12-04T17:20:37,127.0.0.1,35642,arquivo.txt,1449,0.003388,427742.511400
2025-12-04T17:20:37,127.0.0.1,35650,arquivo.txt,1449,0.000209,6928373.333404
2025-12-04T17:20:37,127.0.0.1,35652,arquivo.txt,1449,0.000159,9103016.755626
2025-12-04T17:20:37,127.0.0.1,35654,arquivo.txt,1449,0.000172,8448585.489020
2025-12-04T17:20:37,127.0.0.1,35662,arquivo.txt,1449,0.000153,9469412.282297
2025-12-04T17:20:37,127.0.0.1,35664,arquivo.txt,1449,0.000141,10256882.173715
2025-12-04T17:20:37,127.0.0.1,35668,arquivo.txt,1449,0.000184,7864912.395163
2025-12-04T17:20:38,127.0.0.1,35670,arquivo.txt,1449,0.001033,1402249.017682
2025-12-04T17:20:38,127.0.0.1,35684,arquivo.txt,1449,0.003330,435069.939975
2025-12-04T17:20:38,127.0.0.1,35696,arquivo.txt,1449,0.000372,3893591.294089
2025-12-04T17:20:38,127.0.0.1,35708,arquivo.txt,1449,0.000345,4201339.558135
2025-12-04T17:20:38,127.0.0.1,35710,arquivo.txt,1449,0.000355,4078794.771461
2025-12-04T17:20:38,127.0.0.1,35718,arquivo.txt,1449,0.000386,3753779.039149
2025-12-04T17:20:38,127.0.0.1,35730,arquivo.txt,1449,0.000355,4076568.590575
2025-12-04T17:20:38,127.0.0.1,35742,arquivo.txt,1449,0.000296,4890082.820896
2025-12-04T17:20:39,127.0.0.1,35748,arquivo.txt,1449,0.004455,325226.025352
2025-12-04T17:20:39,127.0.0.1,35762,arquivo.txt,1449,0.001268,1142997.777901
2025-12-04T17:20:39,127.0.0.1,35774,arquivo.txt,1449,0.002378,609284.076479
2025-12-04T17:20:39,127.0.0.1,35788,arquivo.txt,1449,0.000203,7151458.916509
2025-12-04T17:20:39,127.0.0.1,35794,arquivo.txt,1449,0.000158,9170537.828119
2025-12-04T17:20:39,127.0.0.1,35796,arquivo.txt,1449,0.000135,10743041.865931
2025-12-04T17:20:39,127.0.0.1,35798,arquivo.txt,1449,0.000123,11828088.645992
2025-12-04T17:20:40,127.0.0.1,35814,arquivo.txt,1449,0.000901,1608823.770902
2025-12-04T17:20:40,127.0.0.1,35824,arquivo.txt,1449,0.000620,2335676.532532
2025-12-04T17:20:40,127.0.0.1,35840,arquivo.txt,1449,0.000985,1470718.093849
2025-12-04T17:20:40,127.0.0.1,35856,arquivo.txt,1449,0.000471,3076400.462784
2025-12-04T17:20:40,127.0.0.1,35858,arquivo.txt,1449,0.000119,12172583.558440
2025-12-04T17:20:40,127.0.0.1,35872,arquivo.txt,1449,0.000183,7923921.604975
2025-12-04T17:20:40,127.0.0.1,35888,arquivo.txt,1449,0.000117,12404016.521490
2025-12-04T17:20:40,127.0.0.1,35896,arquivo.txt,1449,0.000101,14368300.511179
2025-12-04T17:20:40,127.0.0.1,35906,arquivo.txt,1449,0.000097,14892851.647142
2025-12-04T17:20:40,127.0.0.1,35918,arquivo.txt,1449,0.000090,16179459.139597
2025-12-04T17:20:40,127.0.0.1,35920,arquivo.txt,1449,0.000053,27131782.942504
2025-12-04T17:20:41,127.0.0.1,35936,arquivo.txt,1449,0.001063,1363746.736426
2025-12-04T17:20:41,127.0.0.1,35944,arquivo.txt,1449,0.003197,453241.237875
2025-12-04T17:20:41,127.0.0.1,35960,arquivo.txt,1449,0.000186,7787349.993556
2025-12-04T17:20:41,127.0.0.1,35974,arquivo.txt,1449,0.000148,9810426.535604
2025-12-04T17:20:41,127.0.0.1,35988,arquivo.txt,1449,0.000173,8391875.690617
2025-12-04T17:20:41,127.0.0.1,35992,arquivo.txt,1449,0.000145,10005731.365010
2025-12-04T17:20:41,127.0.0.1,35996,arquivo.txt,1449,0.000136,10615617.936741
2025-12-04T17:20:41,127.0.0.1,36004,arquivo.txt,1449,0.000156,9288282.915900
2025-12-04T17:20:42,127.0.0.1,36014,arquivo.txt,1449,0.000471,3078773.250274
2025-12-04T17:20:42,127.0.0.1,36026,arquivo.txt,1449,0.000264,5482281.896581
2025-12-04T17:20:42,127.0.0.1,36032,arquivo.txt,1449,0.000185,7828835.404834
2025-12-04T17:20:42,127.0.0.1,36042,arquivo.txt,1449,0.000138,10511349.203482
2025-12-04T17:20:42,127.0.0.1,36054,arquivo.txt,1449,0.000125,11548117.154409
2025-12-04T17:20:42,127.0.0.1,36060,arquivo.txt,1449,0.000120,12067960.347049
2025-12-04T17:20:42,127.0.0.1,36062,arquivo.txt,1449,0.000110,13180635.658255
2025-12-04T17:20:42,127.0.0.1,36066,arquivo.txt,1449,0.000111,13060054.629338
2025-12-04T17:20:42,127.0.0.1,36080,arquivo.txt,1449,0.000124,11723870.079854
2025-12-04T17:20:42,127.0.0.1,36092,arquivo.txt,1449,0.000130,11143925.054376
2025-12-04T17:20:42,127.0.0.1,36108,arquivo.txt,1449,0.000145,10010155.239721
2025-12-04T17:20:43,127.0.0.1,36116,arquivo.txt,1449,0.000373,3882584.636522
2025-12-04T17:20:43,127.0.0.1,42482,arquivo.txt,1449,0.000311,4658504.906058
2025-12-04T17:20:43,127.0.0.1,42498,arquivo.txt,1449,0.000147,9835598.215090
2025-12-04T17:20:43,127.0.0.1,42512,arquivo.txt,1449,0.000133,10874133.215654
2025-12-04T17:20:43,127.0.0.1,42518,arquivo.txt,1449,0.000130,11159803.144788
2025-12-04T17:20:43,127.0.0.1,42530,arquivo.txt,1449,0.000120,12117613.624094
2025-12-04T17:20:43,127.0.0.1,42538,arquivo.txt,1449,0.000117,12395103.553848
2025-12-04T17:20:43,127.0.0.1,42546,arquivo.txt,1449,0.000116,12450378.925921
2025-12-04T17:20:43,127.0.0.1,42562,arquivo.txt,1449,0.000384,3773545.598039
2025-12-04T17:20:43,127.0.0.1,42566,arquivo.txt,1449,0.000275,5262507.988065
2025-12-04T17:20:43,127.0.0.1,42570,arquivo.txt,1449,0.000216,6700763.950051
2025-12-04T17:20:43,127.0.0.1,42578,arquivo.txt,1449,0.000219,6609888.831784
2025-12-04T17:20:43,127.0.0.1,42590,arquivo.txt,1449,0.000170,8532815.114149
2025-12-04T17:20:43,127.0.0.1,42598,arquivo.txt,1449,0.000194,7453742.043488
2025-12-04T17:20:43,127.0.0.1,42614,arquivo.txt,1449,0.000173,8372867.047716
2025-12-04T17:20:43,127.0.0.1,42618,arquivo.txt,1449,0.000169,8588600.692088
2025-12-04T17:20:44,127.0.0.1,42620,arquivo.txt,1449,0.005013,289064.965604
2025-12-04T17:20:44,127.0.0.1,42630,arquivo.txt,1449,0.001091,1328599.643149
2025-12-04T17:20:44,127.0.0.1,42632,arquivo.txt,1449,0.001027,1411444.290220
2025-12-04T17:20:44,127.0.0.1,42646,arquivo.txt,1449,0.000483,3002592.300847
2025-12-04T17:20:44,127.0.0.1,42660,arquivo.txt,1449,0.000372,3893549.442904
2025-12-04T17:20:44,127.0.0.1,42674,arquivo.txt,1449,0.000333,4347121.720201
2025-12-04T17:20:44,127.0.0.1,42680,arquivo.txt,1449,0.000299,4849089.245798
2025-12-04T17:20:45,127.0.0.1,42686,arquivo.txt,1449,0.000608,2382052.247918
2025-12-04T17:20:45,127.0.0.1,42702,arquivo.txt,1449,0.003485,415826.070486
2025-12-04T17:20:45,127.0.0.1,42714,arquivo.txt,1449,0.000210,6886685.742504
2025-12-04T17:20:45,127.0.0.1,42716,arquivo.txt,1449,0.000187,7766230.563400
2025-12-04T17:20:45,127.0.0.1,42730,arquivo.txt,1449,0.000166,8750792.650764
2025-12-04T17:20:45,127.0.0.1,42742,arquivo.txt,1449,0.000185,7846088.873772
2025-12-04T17:20:45,127.0.0.1,42756,arquivo.txt,1449,0.000168,8644346.875994
2025-12-04T17:20:45,127.0.0.1,42768,arquivo.txt,1449,0.000158,9176112.983256
2025-12-04T17:20:46,127.0.0.1,42778,arquivo.txt,1449,0.000729,1988519.012976
2025-12-04T17:20:46,127.0.0.1,42786,arquivo.txt,1449,0.000375,3867217.525339
2025-12-04T17:20:46,127.0.0.1,42800,arquivo.txt,1449,0.000238,6087570.264573
2025-12-04T17:20:46,127.0.0.1,42816,arquivo.txt,1449,0.000178,8134462.829485
2025-12-04T17:20:46,127.0.0.1,42820,arquivo.txt,1449,0.000177,8197741.520613
2025-12-04T17:20:46,127.0.0.1,42824,arquivo.txt,1449,0.000161,9017306.506446
2025-12-04T17:20:46,127.0.0.1,42826,arquivo.txt,1449,0.000170,8532312.671936
2025-12-04T17:20:46,127.0.0.1,42838,arquivo.txt,1449,0.000149,9732147.668662
2025-12-04T17:20:46,127.0.0.1,42852,arquivo.txt,1449,0.000161,9023708.259955
2025-12-04T17:20:47,127.0.0.1,42860,arquivo.txt,1449,0.000784,1847111.673387
2025-12-04T17:20:47,127.0.0.1,42876,arquivo.txt,1449,0.003255,445098.798722
2025-12-04T17:20:47,127.0.0.1,42886,arquivo.txt,1449,0.000290,5000655.711139
2025-12-04T17:20:47,127.0.0.1,42898,arquivo.txt,1449,0.000256,5657968.204830
2025-12-04T17:20:47,127.0.0.1,42912,arquivo.txt,1449,0.000217,6666850.706082
2025-12-04T17:20:47,127.0.0.1,42928,arquivo.txt,1449,0.000271,5349587.613287
2025-12-04T17:20:47,127.0.0.1,42944,arquivo.txt,1449,0.000219,6609918.983866
2025-12-04T17:20:47,127.0.0.1,42958,arquivo.txt,1449,0.000208,6956079.245293
2025-12-04T17:20:48,127.0.0.1,42966,arquivo.txt,1449,0.000614,2359931.009766
2025-12-04T17:20:48,127.0.0.1,42974,arquivo.txt,1449,0.000275,5261380.596275
2025-12-04T17:20:48,127.0.0.1,42990,arquivo.txt,1449,0.000214,6782247.268207
2025-12-04T17:20:48,127.0.0.1,43000,arquivo.txt,1449,0.000271,5342900.652385
2025-12-04T17:20:48,127.0.0.1,43004,arquivo.txt,1449,0.000156,9267075.971453
2025-12-04T17:20:48,127.0.0.1,43016,arquivo.txt,1449,0.000144,10071032.401252
2025-12-04T17:20:48,127.0.0.1,43028,arquivo.txt,1449,0.000142,10191736.896703
2025-12-04T17:20:48,127.0.0.1,43040,arquivo.txt,1449,0.000145,9988143.809771
2025-12-04T17:20:48,127.0.0.1,43044,arquivo.txt,1449,0.000148,9818004.408503
2025-12-04T17:20:49,127.0.0.1,43058,arquivo.txt,1449,0.001697,853629.368109
2025-12-04T17:20:49,127.0.0.1,43060,arquivo.txt,1449,0.000825,1755665.626232
2025-12-04T17:20:49,127.0.0.1,43070,arquivo.txt,1449,0.001642,882344.881667
2025-12-04T17:20:49,127.0.0.1,43072,arquivo.txt,1449,0.000136,10672460.775909
2025-12-04T17:20:49,127.0.0.1,43084,arquivo.txt,1449,0.000110,13149178.273081
2025-12-04T17:20:49,127.0.0.1,43100,arquivo.txt,1449,0.000096,15106653.608977
2025-12-04T17:20:49,127.0.0.1,43110,arquivo.txt,1449,0.000149,9744976.189851
2025-12-04T17:20:49,127.0.0.1,43116,arquivo.txt,1449,0.000341,4251585.907995
2025-12-04T17:20:50,127.0.0.1,43132,arquivo.txt,1449,0.000403,3593455.892366
2025-12-04T17:20:50,127.0.0.1,43146,arquivo.txt,1449,0.003907,370910.386627
2025-12-04T17:20:50,127.0.0.1,43150,arquivo.txt,1449,0.000343,4220601.428439
2025-12-04T17:20:50,127.0.0.1,43152,arquivo.txt,1449,0.000310,4674480.050692
2025-12-04T17:20:50,127.0.0.1,43154,arquivo.txt,1449,0.000272,5331125.831017
2025-12-04T17:20:50,127.0.0.1,43162,arquivo.txt,1449,0.000287,5044966.004430
2025-12-04T17:20:50,127.0.0.1,43176,arquivo.txt,1449,0.000308,4705507.943034
2025-12-04T17:20:50,127.0.0.1,43184,arquivo.txt,1449,0.000362,4001557.542291
2025-12-04T17:20:51,127.0.0.1,43186,arquivo.txt,1449,0.000768,1887775.708048
2025-12-04T17:20:51,127.0.0.1,43194,arquivo.txt,1449,0.003520,411640.593726
2025-12-04T17:20:51,127.0.0.1,43206,arquivo.txt,1449,0.000521,2778800.570866
2025-12-04T17:20:51,127.0.0.1,43218,arquivo.txt,1449,0.000411,3523035.888656
2025-12-04T17:20:51,127.0.0.1,43222,arquivo.txt,1449,0.000445,3256428.580827
2025-12-04T17:20:51,127.0.0.1,43230,arquivo.txt,1449,0.000455,3182419.165924
2025-12-04T17:20:51,127.0.0.1,43238,arquivo.txt,1449,0.000382,3788591.867071
2025-12-04T17:20:51,127.0.0.1,43242,arquivo.txt,1449,0.000396,3657520.761928
2025-12-04T17:20:52,127.0.0.1,43246,arquivo.txt,1449,0.000692,2093050.465235
2025-12-04T17:20:52,127.0.0.1,43258,arquivo.txt,1449,0.003526,410973.940155
2025-12-04T17:20:52,127.0.0.1,43260,arquivo.txt,1449,0.000207,6999087.076016
2025-12-04T17:20:52,127.0.0.1,43264,arquivo.txt,1449,0.000151,9613343.233926
2025-12-04T17:20:52,127.0.0.1,43276,arquivo.txt,1449,0.000167,8681793.407350
2025-12-04T17:20:52,127.0.0.1,43288,arquivo.txt,1449,0.000140,10356805.905658
2025-12-04T17:20:52,127.0.0.1,43294,arquivo.txt,1449,0.000136,10660604.318699
2025-12-04T17:20:52,127.0.0.1,43304,arquivo.txt,1449,0.000155,9342901.915415
2025-12-04T17:20:53,127.0.0.1,43318,arquivo.txt,1449,0.000664,2181115.364399
2025-12-04T17:20:53,127.0.0.1,53090,arquivo.txt,1449,0.003823,378973.335357
2025-12-04T17:20:53,127.0.0.1,53098,arquivo.txt,1449,0.000629,2303114.687910
2025-12-04T17:20:53,127.0.0.1,53110,arquivo.txt,1449,0.000640,2262365.726053
2025-12-04T17:20:53,127.0.0.1,53122,arquivo.txt,1449,0.000548,2641928.444348
2025-12-04T17:20:53,127.0.0.1,53126,arquivo.txt,1449,0.000394,3673143.465389
2025-12-04T17:20:53,127.0.0.1,53130,arquivo.txt,1449,0.000376,3853948.899289
2025-12-04T17:20:53,127.0.0.1,53138,arquivo.txt,1449,0.000266,5440884.362857
2025-12-04T17:20:54,127.0.0.1,53140,arquivo.txt,1449,0.001427,1015409.131371
2025-12-04T17:20:54,127.0.0.1,53144,arquivo.txt,1449,0.000470,3085230.285477
2025-12-04T17:20:54,127.0.0.1,53150,arquivo.txt,1449,0.001597,907152.417944
2025-12-04T17:20:54,127.0.0.1,53162,arquivo.txt,1449,0.000617,2349541.766511
2025-12-04T17:20:54,127.0.0.1,53174,arquivo.txt,1449,0.000470,3084645.745326
2025-12-04T17:20:54,127.0.0.1,53190,arquivo.txt,1449,0.000426,3401791.752087
2025-12-04T17:20:54,127.0.0.1,53198,arquivo.txt,1449,0.000242,5978734.028953
2025-12-04T17:20:54,127.0.0.1,53200,arquivo.txt,1449,0.000171,8492357.463354
2025-12-04T17:20:55,127.0.0.1,53204,arquivo.txt,1449,0.000483,2999720.522871
2025-12-04T17:20:55,127.0.0.1,53208,arquivo.txt,1449,0.000282,5133783.058791
2025-12-04T17:20:55,127.0.0.1,53210,arquivo.txt,1449,0.000219,6606272.536819
2025-12-04T17:20:55,127.0.0.1,53222,arquivo.txt,1449,0.000202,7188676.718756
2025-12-04T17:20:55,127.0.0.1,53232,arquivo.txt,1449,0.000164,8830304.583883
2025-12-04T17:20:55,127.0.0.1,53238,arquivo.txt,1449,0.000146,9924657.543848
2025-12-04T17:20:55,127.0.0.1,53244,arquivo.txt,1449,0.000138,10533355.629753
2025-12-04T17:20:55,127.0.0.1,53254,arquivo.txt,1449,0.000144,10091161.695559
2025-12-04T17:20:55,127.0.0.1,53266,arquivo.txt,1449,0.000172,8421236.160009
2025-12-04T17:20:55,127.0.0.1,53280,arquivo.txt,1449,0.000139,10395219.207423
2025-12-04T17:20:56,127.0.0.1,53282,arquivo.txt,1449,0.000757,1914483.749715
2025-12-04T17:20:56,127.0.0.1,53286,arquivo.txt,1449,0.021951,66010.311275
2025-12-04T17:20:57,127.0.0.1,53292,arquivo.txt,1449,0.000372,3894951.882072
2025-12-04T17:20:57,127.0.0.1,53296,arquivo.txt,1449,0.000212,6839486.831583
2025-12-04T17:20:57,127.0.0.1,53300,arquivo.txt,1449,0.000183,7903435.187764
2025-12-04T17:20:57,127.0.0.1,53302,arquivo.txt,1449,0.000161,9009625.193310
2025-12-04T17:20:57,127.0.0.1,53310,arquivo.txt,1449,0.000163,8911877.587308
2025-12-04T17:20:57,127.0.0.1,53320,arquivo.txt,1449,0.000140,10373859.887479
2025-12-04T17:20:58,127.0.0.1,53324,arquivo.txt,1449,0.000713,2031776.478880
2025-12-04T17:20:58,127.0.0.1,53332,arquivo.txt,1449,0.000360,4027953.832094
2025-12-04T17:20:58,127.0.0.1,53344,arquivo.txt,1449,0.000266,5448884.273803
2025-12-04T17:20:58,127.0.0.1,53356,arquivo.txt,1449,0.000200,7227365.228171
2025-12-04T17:20:58,127.0.0.1,53370,arquivo.txt,1449,0.000293,4949057.833337
2025-12-04T17:20:58,127.0.0.1,53376,arquivo.txt,1449,0.000270,5369391.133810
2025-12-04T17:20:58,127.0.0.1,53392,arquivo.txt,1449,0.000620,2338488.551819
2025-12-04T17:20:58,127.0.0.1,53408,arquivo.txt,1449,0.000132,10956024.686427
2025-12-04T17:20:59,127.0.0.1,53418,arquivo.txt,1449,0.000854,1695988.501295
2025-12-04T17:20:59,127.0.0.1,53428,arquivo.txt,1449,0.003164,457911.198103
2025-12-04T17:20:59,127.0.0.1,53442,arquivo.txt,1449,0.000440,3292268.961040
2025-12-04T17:20:59,127.0.0.1,53444,arquivo.txt,1449,0.000314,4611712.284464
2025-12-04T17:20:59,127.0.0.1,53448,arquivo.txt,1449,0.000253,5731305.028991
2025-12-04T17:20:59,127.0.0.1,53464,arquivo.txt,1449,0.000285,5084067.815789
2025-12-04T17:20:59,127.0.0.1,53472,arquivo.txt,1449,0.000204,7094038.854563
2025-12-04T17:20:59,127.0.0.1,53480,arquivo.txt,1449,0.000207,6989498.870869
2025-12-04T17:21:00,127.0.0.1,53496,arquivo.txt,1449,0.004508,321400.480976
2025-12-04T17:21:00,127.0.0.1,53504,arquivo.txt,1449,0.000183,7901280.341366
2025-12-04T17:21:00,127.0.0.1,53520,arquivo.txt,1449,0.000902,1605919.181073
2025-12-04T17:21:00,127.0.0.1,53524,arquivo.txt,1449,0.001600,905671.415654
2025-12-04T17:21:00,127.0.0.1,53536,arquivo.txt,1449,0.000108,13438940.462565
2025-12-04T17:21:00,127.0.0.1,53546,arquivo.txt,1449,0.000094,15363735.631448
2025-12-04T17:21:00,127.0.0.1,53548,arquivo.txt,1449,0.000100,14469597.856115
2025-12-04T17:21:01,127.0.0.1,53552,arquivo.txt,1449,0.000506,2862307.032025
2025-12-04T17:21:01,127.0.0.1,53566,arquivo.txt,1449,0.003804,380942.065249
2025-12-04T17:21:01,127.0.0.1,53570,arquivo.txt,1449,0.000297,4873913.963376
2025-12-04T17:21:01,127.0.0.1,53578,arquivo.txt,1449,0.000169,8550841.802256
2025-12-04T17:21:01,127.0.0.1,53590,arquivo.txt,1449,0.000157,9216501.919033
2025-12-04T17:21:01,127.0.0.1,53606,arquivo.txt,1449,0.000145,10018321.985025
2025-12-04T17:21:01,127.0.0.1,53608,arquivo.txt,1449,0.000197,7368758.295489
2025-12-04T17:21:01,127.0.0.1,53616,arquivo.txt,1449,0.000117,12370869.993841
2025-12-04T17:21:02,127.0.0.1,53630,arquivo.txt,1449,0.000853,1699485.462835
2025-12-04T17:21:02,127.0.0.1,53646,arquivo.txt,1449,0.003236,447787.899949
2025-12-04T17:21:02,127.0.0.1,53648,arquivo.txt,1449,0.000532,2724083.606568
2025-12-04T17:21:02,127.0.0.1,53660,arquivo.txt,1449,0.000371,3906481.686157
2025-12-04T17:21:02,127.0.0.1,53670,arquivo.txt,1449,0.000357,4062351.061264
2025-12-04T17:21:02,127.0.0.1,53678,arquivo.txt,1449,0.000235,6162758.056231
2025-12-04T17:21:02,127.0.0.1,53688,arquivo.txt,1449,0.000221,6556917.113596
2025-12-04T17:21:02,127.0.0.1,53694,arquivo.txt,1449,0.000187,7745059.790883
2025-12-04T17:21:03,127.0.0.1,53698,arquivo.txt,1449,0.000706,2053734.423122
2025-12-04T17:21:03,127.0.0.1,51936,arquivo.txt,1449,0.003279,441934.152701
2025-12-04T17:21:03,127.0.0.1,51950,arquivo.txt,1449,0.000653,2217736.072505
2025-12-04T17:21:03,127.0.0.1,51966,arquivo.txt,1449,0.000269,5396627.946790
2025-12-04T17:21:03,127.0.0.1,51978,arquivo.txt,1449,0.000243,5959308.901842
2025-12-04T17:21:03,127.0.0.1,51984,arquivo.txt,1449,0.000230,6311992.787723
2025-12-04T17:21:03,127.0.0.1,51988,arquivo.txt,1449,0.000194,7465570.268374
2025-12-04T17:21:03,127.0.0.1,51994,arquivo.txt,1449,0.000174,8324859.093349
2025-12-04T17:21:04,127.0.0.1,52010,arquivo.txt,1449,0.000459,3158879.197348
2025-12-04T17:21:04,127.0.0.1,52012,arquivo.txt,1449,0.003658,396127.302020
2025-12-04T17:21:04,127.0.0.1,52018,arquivo.txt,1449,0.000192,7536316.312576
2025-12-04T17:21:04,127.0.0.1,52028,arquivo.txt,1449,0.000187,7728535.847283
2025-12-04T17:21:04,127.0.0.1,52030,arquivo.txt,1449,0.000136,10625504.138166
2025-12-04T17:21:04,127.0.0.1,52046,arquivo.txt,1449,0.000120,12058921.432931
2025-12-04T17:21:04,127.0.0.1,52056,arquivo.txt,1449,0.000119,12145138.175270
2025-12-04T17:21:04,127.0.0.1,52072,arquivo.txt,1449,0.000118,12329606.373433
2025-12-04T17:21:05,127.0.0.1,52082,arquivo.txt,1449,0.000395,3665857.933453
2025-12-04T17:21:05,127.0.0.1,52094,arquivo.txt,1449,0.003731,388331.092866
2025-12-04T17:21:05,127.0.0.1,52108,arquivo.txt,1449,0.000212,6826919.451902
2025-12-04T17:21:05,127.0.0.1,52120,arquivo.txt,1449,0.000194,7487172.591870
2025-12-04T17:21:05,127.0.0.1,52130,arquivo.txt,1449,0.000170,8543581.704356
2025-12-04T17:21:05,127.0.0.1,52140,arquivo.txt,1449,0.000200,7258173.587845
2025-12-04T17:21:05,127.0.0.1,52146,arquivo.txt,1449,0.000187,7733650.715725
2025-12-04T17:21:05,127.0.0.1,52160,arquivo.txt,1449,0.000174,8342929.526094
2025-12-04T17:21:06,127.0.0.1,52174,arquivo.txt,1449,0.000735,1971535.865776
2025-12-04T17:21:06,127.0.0.1,52180,arquivo.txt,1449,0.003020,479851.057410
2025-12-04T17:21:06,127.0.0.1,52192,arquivo.txt,1449,0.000220,6577991.643369
2025-12-04T17:21:06,127.0.0.1,52194,arquivo.txt,1449,0.000173,8373205.750863
2025-12-04T17:21:06,127.0.0.1,52202,arquivo.txt,1449,0.000192,7543339.062655
2025-12-04T17:21:06,127.0.0.1,52212,arquivo.txt,1449,0.000173,8398685.427814
2025-12-04T17:21:06,127.0.0.1,52224,arquivo.txt,1449,0.000256,5668016.190960
2025-12-04T17:21:06,127.0.0.1,52232,arquivo.txt,1449,0.000177,8179139.523219
2025-12-04T17:21:07,127.0.0.1,52248,arquivo.txt,1449,0.000886,1634748.272156
2025-12-04T17:21:07,127.0.0.1,52264,arquivo.txt,1449,0.003429,422631.955818
2025-12-04T17:21:07,127.0.0.1,52274,arquivo.txt,1449,0.000214,6769478.014237
2025-12-04T17:21:07,127.0.0.1,52290,arquivo.txt,1449,0.000165,8760792.277341
2025-12-04T17:21:07,127.0.0.1,52304,arquivo.txt,1449,0.000164,8821165.929239
2025-12-04T17:21:07,127.0.0.1,52316,arquivo.txt,1449,0.000166,8740288.565822
2025-12-04T17:21:07,127.0.0.1,52320,arquivo.txt,1449,0.000523,2772001.446997
2025-12-04T17:21:07,127.0.0.1,52322,arquivo.txt,1449,0.000458,3165690.813871
2025-12-04T17:21:08,127.0.0.1,52324,arquivo.txt,1449,0.000939,1542927.238461
2025-12-04T17:21:08,127.0.0.1,52334,arquivo.txt,1449,0.003035,477361.092555
2025-12-04T17:21:08,127.0.0.1,52350,arquivo.txt,1449,0.000059,24579318.760474
2025-12-04T17:21:08,127.0.0.1,52358,arquivo.txt,1449,0.000050,28777978.574779
2025-12-04T17:21:08,127.0.0.1,52366,arquivo.txt,1449,0.000048,30399026.559563
2025-12-04T17:21:08,127.0.0.1,52376,arquivo.txt,1449,0.000040,36081575.703644
2025-12-04T17:21:08,127.0.0.1,52388,arquivo.txt,1449,0.000045,32371207.709330
2025-12-04T17:21:08,127.0.0.1,52392,arquivo.txt,1449,0.000043,33607793.169269
2025-12-04T17:21:09,127.0.0.1,52406,arquivo.txt,1449,0.001263,1147719.136033
2025-12-04T17:21:09,127.0.0.1,52422,arquivo.txt,1449,0.002840,510187.554691
2025-12-04T17:21:09,127.0.0.1,52426,arquivo.txt,1449,0.000574,2525199.715404
2025-12-04T17:21:09,127.0.0.1,52440,arquivo.txt,1449,0.000498,2907134.216346
2025-12-04T17:21:09,127.0.0.1,52454,arquivo.txt,1449,0.000559,2591382.446407
2025-12-04T17:21:09,127.0.0.1,52458,arquivo.txt,1449,0.000517,2800736.039053
2025-12-04T17:21:09,127.0.0.1,52464,arquivo.txt,1449,0.000094,15490036.767915
2025-12-04T17:21:09,127.0.0.1,52474,arquivo.txt,1449,0.000092,15792571.298152
2025-12-04T17:21:10,127.0.0.1,52486,arquivo.txt,1449,0.000865,1675665.611439
2025-12-04T17:21:10,127.0.0.1,52500,arquivo.txt,1449,0.003100,467485.255183
2025-12-04T17:21:10,127.0.0.1,52512,arquivo.txt,1449,0.000493,2939100.380179
2025-12-04T17:21:10,127.0.0.1,52524,arquivo.txt,1449,0.000241,6003156.936987
2025-12-04T17:21:10,127.0.0.1,52534,arquivo.txt,1449,0.000155,9332311.432791
2025-12-04T17:21:10,127.0.0.1,52536,arquivo.txt,1449,0.000138,10477981.054661
2025-12-04T17:21:10,127.0.0.1,52540,arquivo.txt,1449,0.000127,11442605.340391
2025-12-04T17:21:10,127.0.0.1,52546,arquivo.txt,1449,0.000124,11649970.251081
2025-12-04T17:21:11,127.0.0.1,52550,arquivo.txt,1449,0.001112,1302886.491559
2025-12-04T17:21:11,127.0.0.1,52560,arquivo.txt,1449,0.002897,500136.338080
2025-12-04T17:21:11,127.0.0.1,52576,arquivo.txt,1449,0.000229,6328588.713053
2025-12-04T17:21:11,127.0.0.1,52586,arquivo.txt,1449,0.000200,7235160.181099
2025-12-04T17:21:11,127.0.0.1,52588,arquivo.txt,1449,0.000173,8382603.059448
2025-12-04T17:21:11,127.0.0.1,52596,arquivo.txt,1449,0.000172,8440760.302738
2025-12-04T17:21:11,127.0.0.1,52612,arquivo.txt,1449,0.000157,9243016.698362
2025-12-04T17:21:11,127.0.0.1,52624,arquivo.txt,1449,0.000141,10258407.091097
2025-12-04T17:21:12,127.0.0.1,52640,arquivo.txt,1449,0.000435,3334614.403192
2025-12-04T17:21:12,127.0.0.1,52652,arquivo.txt,1449,0.000502,2888946.043670
2025-12-04T17:21:12,127.0.0.1,52662,arquivo.txt,1449,0.000248,5834860.165171
2025-12-04T17:21:12,127.0.0.1,52670,arquivo.txt,1449,0.000180,8064067.311250
2025-12-04T17:21:12,127.0.0.1,52676,arquivo.txt,1449,0.000265,5468997.690225
2025-12-04T17:21:12,127.0.0.1,52686,arquivo.txt,1449,0.000165,8762540.595113
2025-12-04T17:21:12,127.0.0.1,52692,arquivo.txt,1449,0.000174,8310344.637651
2025-12-04T17:21:12,127.0.0.1,52706,arquivo.txt,1449,0.000182,7957821.896112
2025-12-04T17:21:12,127.0.0.1,52718,arquivo.txt,1449,0.000179,8095424.325613
2025-12-04T17:21:12,127.0.0.1,52734,arquivo.txt,1449,0.000178,8122242.832865
2025-12-04T17:21:13,127.0.0.1,52750,arquivo.txt,1449,0.000489,2965082.016096
2025-12-04T17:21:13,127.0.0.1,59014,arquivo.txt,1449,0.000283,5125719.861913
2025-12-04T17:21:13,127.0.0.1,59016,arquivo.txt,1449,0.000479,3025696.494977
2025-12-04T17:21:13,127.0.0.1,59018,arquivo.txt,1449,0.000296,4900419.020665
2025-12-04T17:21:13,127.0.0.1,59032,arquivo.txt,1449,0.000348,4164738.544764
2025-12-04T17:21:13,127.0.0.1,59046,arquivo.txt,1449,0.000397,3647219.027686
2025-12-04T17:21:13,127.0.0.1,59058,arquivo.txt,1449,0.000311,4663257.454972
2025-12-04T17:21:13,127.0.0.1,59070,arquivo.txt,1449,0.000091,15879278.042619
2025-12-04T17:21:13,127.0.0.1,59072,arquivo.txt,1449,0.000090,16165921.030669
2025-12-04T17:21:14,127.0.0.1,59086,arquivo.txt,1449,0.000611,2372986.277728
2025-12-04T17:21:14,127.0.0.1,59098,arquivo.txt,1449,0.003346,433023.333661
2025-12-04T17:21:14,127.0.0.1,59102,arquivo.txt,1449,0.000256,5656002.626019
2025-12-04T17:21:14,127.0.0.1,59116,arquivo.txt,1449,0.000184,7854297.103143
2025-12-04T17:21:14,127.0.0.1,59128,arquivo.txt,1449,0.000166,8739339.701933
2025-12-04T17:21:14,127.0.0.1,59140,arquivo.txt,1449,0.000161,8976471.607509
2025-12-04T17:21:14,127.0.0.1,59156,arquivo.txt,1449,0.000170,8527140.901476
2025-12-04T17:21:14,127.0.0.1,59168,arquivo.txt,1449,0.000174,8335250.810684
2025-12-04T17:21:15,127.0.0.1,59184,arquivo.txt,1449,0.000203,7143209.266150
2025-12-04T17:21:15,127.0.0.1,59196,arquivo.txt,1449,0.003796,381682.707093
2025-12-04T17:21:15,127.0.0.1,59210,arquivo.txt,1449,0.000097,14876338.522284
2025-12-04T17:21:15,127.0.0.1,59212,arquivo.txt,1449,0.000062,23287208.915030
2025-12-04T17:21:15,127.0.0.1,59216,arquivo.txt,1449,0.000048,30414978.670944
